지점,지점명,일시,10CM 정시 토양수분(%),20CM 정시 토양수분(%),30CM 정시 토양수분(%),50CM 정시 토양수분(%)
974,대곡,2021-11-26 00:00,11.2,7.9,4.0,5.0
974,대곡,2021-11-26 01:00,11.1,7.8,4.0,5.0
974,대곡,2021-11-26 02:00,11.0,7.8,4.0,5.0
974,대곡,2021-11-26 03:00,10.9,7.8,4.0,5.0
974,대곡,2021-11-26 04:00,10.8,7.8,3.9,5.0
974,대곡,2021-11-26 05:00,10.8,7.8,3.9,5.0
974,대곡,2021-11-26 06:00,10.7,7.7,3.9,5.0
974,대곡,2021-11-26 07:00,10.6,7.7,3.9,5.0
974,대곡,2021-11-26 08:00,10.6,7.7,3.9,5.0
974,대곡,2021-11-26 09:00,10.6,7.7,3.9,5.0
974,대곡,2021-11-26 10:00,10.6,7.7,3.9,5.0
974,대곡,2021-11-26 11:00,10.8,7.7,3.9,5.0
974,대곡,2021-11-26 12:00,10.9,7.7,3.9,5.0
974,대곡,2021-11-26 13:00,11.0,7.8,3.9,5.0
974,대곡,2021-11-26 14:00,11.2,7.8,3.9,5.0
974,대곡,2021-11-26 15:00,11.2,7.8,3.9,5.0
974,대곡,2021-11-26 16:00,11.3,7.8,3.9,5.0
974,대곡,2021-11-26 17:00,11.3,7.8,3.9,5.0
974,대곡,2021-11-26 18:00,11.3,7.8,3.9,5.0
974,대곡,2021-11-26 19:00,11.4,7.8,3.9,5.0
974,대곡,2021-11-26 20:00,11.4,7.8,3.9,5.0
974,대곡,2021-11-26 21:00,11.3,7.8,3.9,5.0
974,대곡,2021-11-26 22:00,11.2,7.8,3.9,5.0
974,대곡,2021-11-26 23:00,11.1,7.8,3.9,5.0
974,대곡,2021-11-27 00:00,10.9,7.8,3.9,5.0
974,대곡,2021-11-27 01:00,10.8,7.8,3.9,5.0
974,대곡,2021-11-27 02:00,10.8,7.7,3.9,5.0
974,대곡,2021-11-27 03:00,10.7,7.7,3.9,5.0
974,대곡,2021-11-27 04:00,10.6,7.7,3.9,5.0
974,대곡,2021-11-27 05:00,10.6,7.6,3.9,5.0
974,대곡,2021-11-27 06:00,10.5,7.6,3.9,5.0
974,대곡,2021-11-27 07:00,10.4,7.6,3.9,5.0
974,대곡,2021-11-27 08:00,10.4,7.6,3.9,5.0
974,대곡,2021-11-27 09:00,10.4,7.6,3.9,5.0
974,대곡,2021-11-27 10:00,10.5,7.6,3.9,5.0
974,대곡,2021-11-27 11:00,10.6,7.6,3.9,5.0
974,대곡,2021-11-27 12:00,10.7,7.6,3.9,5.0
974,대곡,2021-11-27 13:00,10.9,7.6,3.9,5.0
974,대곡,2021-11-27 14:00,11.0,7.7,3.9,5.0
974,대곡,2021-11-27 15:00,11.1,7.7,3.9,5.0
974,대곡,2021-11-27 16:00,11.1,7.7,3.9,5.0
974,대곡,2021-11-27 17:00,11.2,7.8,3.9,5.0
974,대곡,2021-11-27 18:00,11.3,7.8,3.9,5.0
974,대곡,2021-11-27 19:00,11.4,7.8,3.9,5.0
974,대곡,2021-11-27 20:00,11.4,7.8,3.9,5.0
974,대곡,2021-11-27 21:00,11.4,7.8,3.9,5.1
974,대곡,2021-11-27 22:00,11.3,7.8,3.9,5.1
974,대곡,2021-11-27 23:00,11.2,7.7,3.9,5.1
974,대곡,2021-11-28 00:00,11.1,7.7,3.9,5.1
974,대곡,2021-11-28 01:00,10.9,7.6,3.9,5.1
974,대곡,2021-11-28 02:00,10.8,7.6,3.9,5.1
974,대곡,2021-11-28 03:00,10.8,7.6,3.9,5.1
974,대곡,2021-11-28 04:00,10.7,7.6,3.9,5.1
974,대곡,2021-11-28 05:00,10.6,7.6,3.9,5.1
974,대곡,2021-11-28 06:00,10.6,7.6,3.9,5.1
974,대곡,2021-11-28 07:00,10.6,7.6,3.9,5.1
974,대곡,2021-11-28 08:00,10.6,7.6,3.9,5.1
974,대곡,2021-11-28 09:00,11.1,7.6,3.9,5.1
974,대곡,2021-11-28 10:00,11.1,7.6,3.8,5.1
974,대곡,2021-11-28 11:00,11.1,7.6,3.8,5.1
974,대곡,2021-11-28 12:00,11.3,7.6,3.8,5.1
974,대곡,2021-11-28 13:00,11.4,7.6,3.8,5.1
974,대곡,2021-11-28 14:00,11.6,7.6,3.8,5.1
974,대곡,2021-11-28 15:00,11.6,7.6,3.8,5.1
974,대곡,2021-11-28 16:00,11.8,7.6,3.8,5.1
974,대곡,2021-11-28 17:00,11.8,7.6,3.8,5.1
974,대곡,2021-11-28 18:00,11.9,7.7,3.9,5.1
974,대곡,2021-11-28 19:00,11.9,7.7,3.9,5.1
974,대곡,2021-11-28 20:00,11.9,7.7,3.9,5.1
974,대곡,2021-11-28 21:00,12.0,7.7,3.9,5.1
974,대곡,2021-11-28 22:00,12.0,7.7,3.9,5.1
974,대곡,2021-11-28 23:00,11.9,7.7,3.9,5.1
974,대곡,2021-11-29 00:00,11.9,7.6,3.9,5.1
974,대곡,2021-11-29 01:00,11.8,7.6,3.9,5.1
974,대곡,2021-11-29 02:00,11.8,7.6,3.9,5.1
974,대곡,2021-11-29 03:00,11.6,7.6,3.9,5.1
974,대곡,2021-11-29 04:00,11.5,7.6,3.8,5.1
974,대곡,2021-11-29 05:00,11.4,7.6,3.8,5.1
974,대곡,2021-11-29 06:00,11.3,7.6,3.8,5.1
974,대곡,2021-11-29 07:00,11.3,7.5,3.8,5.1
974,대곡,2021-11-29 08:00,11.3,7.5,3.8,5.1
974,대곡,2021-11-29 09:00,11.3,7.5,3.8,5.1
974,대곡,2021-11-29 10:00,11.3,7.5,3.8,5.1
974,대곡,2021-11-29 11:00,11.4,7.6,3.8,5.1
974,대곡,2021-11-29 12:00,11.6,7.6,3.8,5.1
974,대곡,2021-11-29 13:00,11.8,7.6,3.8,5.0
974,대곡,2021-11-29 14:00,11.9,7.6,3.8,5.0
974,대곡,2021-11-29 15:00,12.0,7.6,3.8,5.0
974,대곡,2021-11-29 16:00,11.9,7.6,3.8,5.0
974,대곡,2021-11-29 17:00,11.9,7.6,3.8,5.0
974,대곡,2021-11-29 18:00,11.9,7.7,3.8,5.0
974,대곡,2021-11-29 19:00,12.0,7.7,3.9,5.0
974,대곡,2021-11-29 20:00,12.1,7.7,3.9,5.0
974,대곡,2021-11-29 21:00,12.1,7.7,3.9,5.1
974,대곡,2021-11-29 22:00,12.1,7.7,3.9,5.1
974,대곡,2021-11-29 23:00,12.1,7.7,3.9,5.1
974,대곡,2021-11-30 01:00,12.0,7.6,3.9,5.1
974,대곡,2021-11-30 02:00,11.9,7.6,3.9,5.1
974,대곡,2021-11-30 03:00,11.9,7.6,3.9,5.1
974,대곡,2021-11-30 04:00,11.8,7.6,3.8,5.1
974,대곡,2021-11-30 05:00,11.8,7.6,3.8,5.1
974,대곡,2021-11-30 06:00,11.8,7.6,3.8,5.1
974,대곡,2021-11-30 07:00,11.7,7.6,3.8,5.1
974,대곡,2021-11-30 08:00,11.7,7.6,3.8,5.1
974,대곡,2021-11-30 09:00,12.2,7.6,3.8,5.1
974,대곡,2021-11-30 10:00,23.0,9.3,3.8,5.1
974,대곡,2021-11-30 11:00,22.6,13.2,3.9,5.1
974,대곡,2021-11-30 12:00,21.8,13.6,3.9,5.1
974,대곡,2021-11-30 13:00,21.1,13.6,4.0,5.1
974,대곡,2021-11-30 14:00,20.9,13.7,4.0,5.1
974,대곡,2021-11-30 15:00,20.6,13.6,4.1,5.1
974,대곡,2021-11-30 16:00,20.4,13.6,4.2,5.1
974,대곡,2021-11-30 17:00,20.1,13.4,4.2,5.1
974,대곡,2021-11-30 18:00,19.9,13.3,4.3,5.1
974,대곡,2021-11-30 19:00,19.6,13.1,4.3,5.1
974,대곡,2021-11-30 20:00,19.4,12.9,4.3,5.1
974,대곡,2021-11-30 21:00,19.1,12.8,4.3,5.1
974,대곡,2021-11-30 22:00,18.8,12.6,4.4,5.1
974,대곡,2021-11-30 23:00,18.5,12.5,4.4,5.1
974,대곡,2021-12-01 01:00,18.0,12.2,4.4,5.1
974,대곡,2021-12-01 02:00,17.8,12.1,4.4,5.1
974,대곡,2021-12-01 03:00,17.5,11.9,4.4,5.1
974,대곡,2021-12-01 04:00,17.4,11.9,4.4,5.1
974,대곡,2021-12-01 05:00,17.3,11.8,4.4,5.1
974,대곡,2021-12-01 06:00,17.1,11.7,4.4,5.1
974,대곡,2021-12-01 07:00,17.0,11.6,4.4,5.1
974,대곡,2021-12-01 08:00,16.8,11.5,4.4,5.1
974,대곡,2021-12-01 09:00,16.8,11.4,4.4,5.1
974,대곡,2021-12-01 10:00,16.6,11.3,4.4,5.1
974,대곡,2021-12-01 11:00,16.5,11.3,4.4,5.1
974,대곡,2021-12-01 12:00,16.5,11.2,4.4,5.1
974,대곡,2021-12-01 13:00,16.4,11.1,4.4,5.1
974,대곡,2021-12-01 14:00,16.4,11.1,4.4,5.1
974,대곡,2021-12-01 15:00,16.3,11.1,4.4,5.1
974,대곡,2021-12-01 16:00,16.1,11.0,4.4,5.1
974,대곡,2021-12-01 17:00,16.0,10.9,4.4,5.1
974,대곡,2021-12-01 18:00,15.9,10.9,4.4,5.1
974,대곡,2021-12-01 19:00,15.8,10.8,4.4,5.1
974,대곡,2021-12-01 20:00,15.7,10.8,4.4,5.1
974,대곡,2021-12-01 21:00,15.6,10.7,4.4,5.1
974,대곡,2021-12-01 22:00,15.5,10.6,4.4,5.1
974,대곡,2021-12-01 23:00,15.4,10.6,4.4,5.1
974,대곡,2021-12-02 00:00,15.3,10.5,4.4,5.1
974,대곡,2021-12-02 01:00,15.2,10.4,4.4,5.1
974,대곡,2021-12-02 02:00,15.1,10.4,4.4,5.1
974,대곡,2021-12-02 03:00,15.0,10.4,4.4,5.1
974,대곡,2021-12-02 04:00,14.9,10.3,4.4,5.1
974,대곡,2021-12-02 05:00,14.8,10.3,4.3,5.1
974,대곡,2021-12-02 06:00,14.7,10.2,4.3,5.1
974,대곡,2021-12-02 07:00,14.6,10.2,4.3,5.1
974,대곡,2021-12-02 08:00,14.4,10.1,4.3,5.1
974,대곡,2021-12-02 09:00,14.3,10.1,4.3,5.1
974,대곡,2021-12-02 10:00,14.5,10.1,4.3,5.1
974,대곡,2021-12-02 11:00,14.5,10.0,4.3,5.1
974,대곡,2021-12-02 12:00,14.4,10.0,4.3,5.1
974,대곡,2021-12-02 13:00,14.5,9.9,4.3,5.1
974,대곡,2021-12-02 14:00,14.6,9.9,4.3,5.1
974,대곡,2021-12-02 15:00,14.8,9.9,4.3,5.1
974,대곡,2021-12-02 16:00,14.9,9.9,4.3,5.1
974,대곡,2021-12-02 17:00,14.9,9.9,4.3,5.1
974,대곡,2021-12-02 18:00,14.9,9.9,4.3,5.1
974,대곡,2021-12-02 19:00,14.9,9.9,4.3,5.1
974,대곡,2021-12-02 20:00,14.9,9.8,4.3,5.1
974,대곡,2021-12-02 21:00,14.8,9.8,4.3,5.1
974,대곡,2021-12-02 22:00,14.7,9.8,4.3,5.1
974,대곡,2021-12-02 23:00,14.6,9.8,4.3,5.1
974,대곡,2021-12-03 00:00,14.5,9.7,4.3,5.1
974,대곡,2021-12-03 01:00,14.4,9.7,4.3,5.1
974,대곡,2021-12-03 02:00,14.4,9.6,4.3,5.1
974,대곡,2021-12-03 03:00,14.4,9.6,4.3,5.1
974,대곡,2021-12-03 04:00,14.3,9.6,4.3,5.1
974,대곡,2021-12-03 05:00,14.3,9.6,4.3,5.1
974,대곡,2021-12-03 06:00,14.3,9.6,4.3,5.1
974,대곡,2021-12-03 07:00,14.2,9.5,4.2,5.1
974,대곡,2021-12-03 08:00,14.1,9.5,4.2,5.1
974,대곡,2021-12-03 09:00,14.1,9.5,4.2,5.1
974,대곡,2021-12-03 10:00,14.1,9.5,4.2,5.1
974,대곡,2021-12-03 11:00,14.1,9.4,4.2,5.1
974,대곡,2021-12-03 12:00,14.1,9.4,4.2,5.1
974,대곡,2021-12-03 13:00,14.2,9.4,4.2,5.1
974,대곡,2021-12-03 14:00,14.3,9.4,4.2,5.1
974,대곡,2021-12-03 15:00,14.4,9.4,4.2,5.1
974,대곡,2021-12-03 16:00,14.5,9.4,4.2,5.1
974,대곡,2021-12-03 17:00,14.5,9.4,4.2,5.1
974,대곡,2021-12-03 18:00,14.5,9.4,4.2,5.1
974,대곡,2021-12-03 19:00,14.5,9.4,4.2,5.1
974,대곡,2021-12-03 20:00,14.4,9.4,4.2,5.1
974,대곡,2021-12-03 21:00,14.4,9.4,4.2,5.1
974,대곡,2021-12-03 22:00,14.3,9.4,4.2,5.1
974,대곡,2021-12-03 23:00,14.3,9.3,4.2,5.1
974,대곡,2021-12-04 01:00,14.1,9.3,4.2,5.1
974,대곡,2021-12-04 02:00,14.0,9.3,4.2,5.1
974,대곡,2021-12-04 03:00,13.9,9.3,4.2,5.1
974,대곡,2021-12-04 04:00,13.9,9.3,4.2,5.1
974,대곡,2021-12-04 05:00,13.9,9.2,4.2,5.1
974,대곡,2021-12-04 06:00,13.8,9.2,4.2,5.1
974,대곡,2021-12-04 07:00,13.8,9.2,4.2,5.1
974,대곡,2021-12-04 08:00,13.8,9.1,4.2,5.1
974,대곡,2021-12-04 09:00,13.8,9.1,4.2,5.1
974,대곡,2021-12-04 10:00,13.7,9.1,4.2,5.1
974,대곡,2021-12-04 11:00,13.7,9.1,4.2,5.1
974,대곡,2021-12-04 12:00,13.8,9.1,4.2,5.1
974,대곡,2021-12-04 13:00,13.8,9.1,4.2,5.1
974,대곡,2021-12-04 14:00,13.9,9.1,4.1,5.1
974,대곡,2021-12-04 15:00,13.9,9.1,4.1,5.1
974,대곡,2021-12-04 16:00,14.0,9.1,4.1,5.1
974,대곡,2021-12-04 17:00,14.1,9.1,4.1,5.1
974,대곡,2021-12-04 18:00,14.1,9.1,4.1,5.1
974,대곡,2021-12-04 19:00,14.1,9.1,4.1,5.1
974,대곡,2021-12-04 20:00,14.1,9.1,4.1,5.1
974,대곡,2021-12-04 21:00,14.0,9.1,4.1,5.1
974,대곡,2021-12-04 22:00,13.9,9.1,4.1,5.1
974,대곡,2021-12-04 23:00,13.9,9.1,4.1,5.1
974,대곡,2021-12-05 00:00,13.8,9.0,4.1,5.1
974,대곡,2021-12-05 01:00,13.8,9.0,4.1,5.1
974,대곡,2021-12-05 02:00,13.7,9.0,4.1,5.1
974,대곡,2021-12-05 03:00,13.6,8.9,4.1,5.1
974,대곡,2021-12-05 04:00,13.6,8.9,4.1,5.1
974,대곡,2021-12-05 05:00,13.5,8.9,4.1,5.1
974,대곡,2021-12-05 06:00,13.5,8.9,4.1,5.1
974,대곡,2021-12-05 07:00,13.4,8.9,4.1,5.1
974,대곡,2021-12-05 08:00,13.4,8.9,4.1,5.1
974,대곡,2021-12-05 09:00,13.4,8.9,4.1,5.1
974,대곡,2021-12-05 10:00,13.4,8.9,4.1,5.1
974,대곡,2021-12-05 11:00,13.4,8.9,4.1,5.1
974,대곡,2021-12-05 12:00,13.4,8.9,4.1,5.1
974,대곡,2021-12-05 13:00,13.6,8.9,4.1,5.1
974,대곡,2021-12-05 14:00,13.7,8.9,4.1,5.1
974,대곡,2021-12-05 15:00,13.8,8.9,4.1,5.1
974,대곡,2021-12-05 16:00,13.8,8.9,4.1,5.1
974,대곡,2021-12-05 17:00,13.9,8.9,4.1,5.1
974,대곡,2021-12-05 18:00,13.9,8.9,4.1,5.1
974,대곡,2021-12-05 19:00,13.9,8.9,4.1,5.1
974,대곡,2021-12-05 20:00,13.9,8.9,4.1,5.1
974,대곡,2021-12-05 21:00,13.9,8.9,4.1,5.1
974,대곡,2021-12-05 22:00,13.9,8.9,4.1,5.1
974,대곡,2021-12-05 23:00,13.9,8.9,4.1,5.1
974,대곡,2021-12-06 00:00,13.9,8.9,4.1,5.1
974,대곡,2021-12-06 01:00,13.8,8.8,4.1,5.1
974,대곡,2021-12-06 02:00,13.8,8.8,4.1,5.1
974,대곡,2021-12-06 03:00,13.7,8.8,4.1,5.1
974,대곡,2021-12-06 04:00,13.6,8.8,4.1,5.1
974,대곡,2021-12-06 05:00,13.6,8.8,4.1,5.1
974,대곡,2021-12-06 06:00,13.6,8.8,4.1,5.1
974,대곡,2021-12-06 07:00,13.5,8.8,4.1,5.1
974,대곡,2021-12-06 08:00,13.5,8.8,4.1,5.1
974,대곡,2021-12-06 09:00,13.4,8.8,4.1,5.1
974,대곡,2021-12-06 10:00,13.5,8.8,4.1,5.1
974,대곡,2021-12-06 11:00,13.6,8.8,4.1,5.1
974,대곡,2021-12-06 12:00,13.7,8.8,4.1,5.1
974,대곡,2021-12-06 13:00,13.8,8.8,4.1,5.1
974,대곡,2021-12-06 14:00,14.0,8.8,4.1,5.1
974,대곡,2021-12-06 15:00,14.1,8.8,4.1,5.1
974,대곡,2021-12-06 16:00,14.2,8.8,4.1,5.1
974,대곡,2021-12-06 17:00,14.3,8.8,4.1,5.1
974,대곡,2021-12-06 18:00,14.3,8.8,4.1,5.1
974,대곡,2021-12-06 19:00,14.3,8.8,4.1,5.1
974,대곡,2021-12-06 20:00,14.3,8.8,4.1,5.1
974,대곡,2021-12-06 21:00,14.3,8.8,4.1,5.1
974,대곡,2021-12-06 22:00,14.4,8.8,4.1,5.1
974,대곡,2021-12-06 23:00,14.4,8.8,4.1,5.1
974,대곡,2021-12-07 01:00,14.3,8.8,4.1,5.1
974,대곡,2021-12-07 02:00,14.3,8.8,4.1,5.1
974,대곡,2021-12-07 03:00,14.3,8.8,4.1,5.1
974,대곡,2021-12-07 04:00,14.3,8.8,4.1,5.1
974,대곡,2021-12-07 05:00,14.2,8.8,4.1,5.1
974,대곡,2021-12-07 06:00,14.1,8.8,4.1,5.1
974,대곡,2021-12-07 07:00,14.1,8.7,4.1,5.1
974,대곡,2021-12-07 08:00,13.9,8.7,4.1,5.1
974,대곡,2021-12-07 09:00,13.9,8.7,4.1,5.1
974,대곡,2021-12-07 10:00,13.9,8.7,4.1,5.1
974,대곡,2021-12-07 11:00,14.0,8.7,4.1,5.1
974,대곡,2021-12-07 12:00,14.4,8.8,4.1,5.1
974,대곡,2021-12-07 13:00,14.4,8.8,4.1,5.1
974,대곡,2021-12-07 14:00,14.5,8.8,4.1,5.1
974,대곡,2021-12-07 15:00,14.4,8.8,4.1,5.1
974,대곡,2021-12-07 16:00,14.4,8.8,4.1,5.1
974,대곡,2021-12-07 17:00,14.4,8.8,4.1,5.1
974,대곡,2021-12-07 18:00,14.7,8.8,4.1,5.1
974,대곡,2021-12-07 19:00,14.7,8.8,4.1,5.1
974,대곡,2021-12-07 20:00,14.8,8.8,4.1,5.1
974,대곡,2021-12-07 21:00,14.8,8.8,4.1,5.1
974,대곡,2021-12-07 22:00,14.8,8.8,4.1,5.1
974,대곡,2021-12-07 23:00,14.7,8.8,4.1,5.1
974,대곡,2021-12-08 00:00,14.6,8.8,4.1,5.1
974,대곡,2021-12-08 01:00,14.6,8.8,4.1,5.1
974,대곡,2021-12-08 02:00,14.4,8.8,4.1,5.1
974,대곡,2021-12-08 03:00,14.4,8.7,4.1,5.1
974,대곡,2021-12-08 04:00,14.3,8.7,4.1,5.1
974,대곡,2021-12-08 05:00,14.1,8.6,4.1,5.1
974,대곡,2021-12-08 06:00,14.1,8.6,4.1,5.1
974,대곡,2021-12-08 07:00,14.0,8.6,4.1,5.1
974,대곡,2021-12-08 08:00,14.0,8.6,4.1,5.1
974,대곡,2021-12-08 09:00,14.0,8.6,4.1,5.1
974,대곡,2021-12-08 10:00,14.0,8.6,4.1,5.1
974,대곡,2021-12-08 11:00,14.1,8.6,4.1,5.1
974,대곡,2021-12-08 12:00,14.3,8.6,4.1,5.1
974,대곡,2021-12-08 13:00,14.4,8.6,4.1,5.1
974,대곡,2021-12-08 14:00,14.5,8.6,4.1,5.1
974,대곡,2021-12-08 15:00,14.6,8.6,4.1,5.1
974,대곡,2021-12-08 16:00,14.6,8.6,4.1,5.1
974,대곡,2021-12-08 17:00,14.6,8.7,4.1,5.1
974,대곡,2021-12-08 18:00,14.6,8.7,4.1,5.1
974,대곡,2021-12-08 19:00,14.7,8.7,4.1,5.1
974,대곡,2021-12-08 20:00,14.7,8.7,4.1,5.1
974,대곡,2021-12-08 21:00,14.7,8.7,4.1,5.1
974,대곡,2021-12-08 22:00,14.7,8.7,4.1,5.1
974,대곡,2021-12-08 23:00,14.7,8.6,4.1,5.1
974,대곡,2021-12-09 00:00,14.6,8.6,4.1,5.1
974,대곡,2021-12-09 01:00,14.5,8.6,4.1,5.1
974,대곡,2021-12-09 02:00,14.4,8.6,4.1,5.1
974,대곡,2021-12-09 03:00,14.3,8.6,4.1,5.1
974,대곡,2021-12-09 04:00,14.3,8.6,4.1,5.1
974,대곡,2021-12-09 05:00,14.1,8.5,4.0,5.1
974,대곡,2021-12-09 06:00,14.1,8.5,4.0,5.1
974,대곡,2021-12-09 07:00,13.9,8.5,4.0,5.1
974,대곡,2021-12-09 08:00,13.9,8.4,4.0,5.1
974,대곡,2021-12-09 09:00,13.9,8.4,4.0,5.1
974,대곡,2021-12-09 10:00,13.9,8.4,4.0,5.1
974,대곡,2021-12-09 11:00,14.0,8.4,4.0,5.1
974,대곡,2021-12-09 12:00,14.1,8.4,4.0,5.1
974,대곡,2021-12-09 13:00,14.3,8.5,4.0,5.1
974,대곡,2021-12-09 14:00,14.4,8.5,4.0,5.1
974,대곡,2021-12-09 15:00,14.5,8.5,4.0,5.1
974,대곡,2021-12-09 16:00,14.5,8.6,4.0,5.1
974,대곡,2021-12-09 17:00,14.5,8.6,4.0,5.1
974,대곡,2021-12-09 18:00,14.5,8.6,4.0,5.1
974,대곡,2021-12-09 19:00,14.5,8.6,4.0,5.1
974,대곡,2021-12-09 20:00,14.5,8.6,4.0,5.1
974,대곡,2021-12-09 21:00,14.5,8.6,4.0,5.1
974,대곡,2021-12-09 22:00,14.5,8.6,4.0,5.1
974,대곡,2021-12-09 23:00,14.6,8.6,4.0,5.1
974,대곡,2021-12-10 00:00,14.6,8.6,4.0,5.1
974,대곡,2021-12-10 01:00,14.6,8.6,4.0,5.1
974,대곡,2021-12-10 02:00,14.5,8.6,4.0,5.1
974,대곡,2021-12-10 03:00,14.4,8.5,4.0,5.1
974,대곡,2021-12-10 04:00,14.4,8.5,4.0,5.1
974,대곡,2021-12-10 05:00,14.3,8.5,4.0,5.1
974,대곡,2021-12-10 06:00,14.2,8.4,4.0,5.1
974,대곡,2021-12-10 07:00,14.1,8.4,4.0,5.1
974,대곡,2021-12-10 08:00,14.1,8.4,4.0,5.1
974,대곡,2021-12-10 09:00,14.0,8.4,4.0,5.1
974,대곡,2021-12-10 10:00,14.1,8.4,4.0,5.1
974,대곡,2021-12-10 11:00,14.1,8.4,4.0,5.1
974,대곡,2021-12-10 12:00,14.3,8.4,4.0,5.1
974,대곡,2021-12-10 13:00,14.4,8.4,4.0,5.1
974,대곡,2021-12-10 14:00,14.4,8.4,4.0,5.1
974,대곡,2021-12-10 15:00,14.4,8.4,4.0,5.1
974,대곡,2021-12-10 16:00,14.5,8.5,4.0,5.1
974,대곡,2021-12-10 17:00,14.6,8.5,4.0,5.1
974,대곡,2021-12-10 18:00,14.6,8.5,4.0,5.1
974,대곡,2021-12-10 19:00,14.6,8.5,4.0,5.1
974,대곡,2021-12-10 20:00,14.6,8.5,4.0,5.1
974,대곡,2021-12-10 21:00,14.7,8.5,4.0,5.1
974,대곡,2021-12-10 22:00,14.7,8.5,4.0,5.1
974,대곡,2021-12-10 23:00,14.7,8.5,4.0,5.1
974,대곡,2021-12-11 00:00,14.7,8.5,4.0,5.1
974,대곡,2021-12-11 01:00,14.6,8.5,4.0,5.1
974,대곡,2021-12-11 02:00,14.6,8.5,4.0,5.1
974,대곡,2021-12-11 03:00,14.6,8.5,4.0,5.1
974,대곡,2021-12-11 04:00,14.5,8.4,4.0,5.1
974,대곡,2021-12-11 05:00,14.4,8.4,4.0,5.1
974,대곡,2021-12-11 06:00,14.4,8.4,4.0,5.1
974,대곡,2021-12-11 07:00,14.4,8.4,4.0,5.1
974,대곡,2021-12-11 08:00,14.3,8.4,4.0,5.1
974,대곡,2021-12-11 09:00,14.2,8.4,4.0,5.1
974,대곡,2021-12-11 10:00,14.2,8.4,4.0,5.1
974,대곡,2021-12-11 11:00,14.3,8.4,4.0,5.1
974,대곡,2021-12-11 12:00,14.4,8.4,4.0,5.1
974,대곡,2021-12-11 13:00,14.6,8.4,4.0,5.1
974,대곡,2021-12-11 14:00,14.7,8.4,4.0,5.1
974,대곡,2021-12-11 15:00,14.7,8.4,4.0,5.1
974,대곡,2021-12-11 16:00,14.7,8.4,4.0,5.1
974,대곡,2021-12-11 17:00,14.6,8.4,4.0,5.1
974,대곡,2021-12-11 18:00,14.7,8.4,4.0,5.1
974,대곡,2021-12-11 19:00,14.7,8.4,4.0,5.1
974,대곡,2021-12-11 20:00,14.7,8.4,4.0,5.1
974,대곡,2021-12-11 21:00,14.8,8.4,4.0,5.1
974,대곡,2021-12-11 22:00,14.8,8.4,4.0,5.1
974,대곡,2021-12-11 23:00,14.8,8.4,4.0,5.1
974,대곡,2021-12-12 00:00,14.8,8.4,4.0,5.1
974,대곡,2021-12-12 01:00,14.7,8.4,4.0,5.1
974,대곡,2021-12-12 02:00,14.7,8.4,4.0,5.1
974,대곡,2021-12-12 03:00,14.7,8.4,4.0,5.1
974,대곡,2021-12-12 04:00,14.6,8.4,4.0,5.1
974,대곡,2021-12-12 05:00,14.6,8.4,4.0,5.1
974,대곡,2021-12-12 06:00,14.6,8.4,4.0,5.1
974,대곡,2021-12-12 07:00,14.5,8.4,4.0,5.1
974,대곡,2021-12-12 08:00,14.5,8.4,4.0,5.1
974,대곡,2021-12-12 09:00,14.4,8.4,4.0,5.1
974,대곡,2021-12-12 10:00,14.4,8.4,4.0,5.1
974,대곡,2021-12-12 11:00,14.4,8.4,4.0,5.1
974,대곡,2021-12-12 12:00,14.5,8.4,4.0,5.1
974,대곡,2021-12-12 13:00,14.5,8.4,4.0,5.1
974,대곡,2021-12-12 14:00,14.6,8.4,4.0,5.1
974,대곡,2021-12-12 15:00,14.6,8.4,4.0,5.1
974,대곡,2021-12-12 16:00,14.6,8.4,4.0,5.1
974,대곡,2021-12-12 17:00,14.6,8.4,4.0,5.1
974,대곡,2021-12-12 18:00,14.6,8.4,4.0,5.1
974,대곡,2021-12-12 19:00,14.5,8.4,4.0,5.1
974,대곡,2021-12-12 20:00,14.5,8.4,4.0,5.1
974,대곡,2021-12-12 21:00,14.5,8.4,4.0,5.1
974,대곡,2021-12-12 22:00,14.4,8.4,4.0,5.1
974,대곡,2021-12-12 23:00,14.4,8.4,4.0,5.1
974,대곡,2021-12-13 00:00,14.3,8.4,4.0,5.1
974,대곡,2021-12-13 01:00,14.1,8.3,4.0,5.1
974,대곡,2021-12-13 02:00,14.0,8.3,4.0,5.1
974,대곡,2021-12-13 03:00,13.9,8.3,4.0,5.1
974,대곡,2021-12-13 04:00,13.8,8.3,4.0,5.1
974,대곡,2021-12-13 05:00,13.7,8.2,4.0,5.1
974,대곡,2021-12-13 06:00,13.6,8.2,4.0,5.1
974,대곡,2021-12-13 07:00,13.6,8.2,4.0,5.1
974,대곡,2021-12-13 08:00,13.5,8.2,4.0,5.1
974,대곡,2021-12-13 09:00,13.4,8.2,4.0,5.1
974,대곡,2021-12-13 10:00,13.4,8.2,4.0,5.1
974,대곡,2021-12-13 11:00,13.4,8.1,4.0,5.1
974,대곡,2021-12-13 12:00,13.4,8.1,3.9,5.1
974,대곡,2021-12-13 13:00,13.6,8.1,3.9,5.0
974,대곡,2021-12-13 14:00,13.7,8.1,3.9,5.0
974,대곡,2021-12-13 15:00,13.8,8.2,3.9,5.0
974,대곡,2021-12-13 16:00,13.9,8.2,3.9,5.0
974,대곡,2021-12-13 17:00,14.0,8.2,3.9,5.0
974,대곡,2021-12-13 18:00,14.0,8.2,3.9,5.0
974,대곡,2021-12-13 19:00,13.9,8.3,3.9,5.0
974,대곡,2021-12-13 20:00,13.8,8.2,4.0,5.0
974,대곡,2021-12-13 21:00,13.6,8.2,4.0,5.0
974,대곡,2021-12-13 22:00,13.5,8.2,4.0,5.0
974,대곡,2021-12-13 23:00,13.4,8.2,4.0,5.0
974,대곡,2021-12-14 00:00,13.2,8.1,3.9,5.0
974,대곡,2021-12-14 01:00,13.1,8.1,3.9,5.0
974,대곡,2021-12-14 02:00,13.0,8.1,3.9,5.0
974,대곡,2021-12-14 03:00,12.9,8.1,3.9,5.0
974,대곡,2021-12-14 04:00,12.8,8.1,3.9,5.0
974,대곡,2021-12-14 05:00,12.7,8.1,3.9,5.0
974,대곡,2021-12-14 06:00,12.6,8.1,3.9,5.0
974,대곡,2021-12-14 07:00,12.5,8.0,3.9,5.0
974,대곡,2021-12-14 08:00,12.4,8.0,3.9,5.0
974,대곡,2021-12-14 09:00,12.6,8.0,3.9,5.0
974,대곡,2021-12-14 10:00,12.8,8.0,3.9,5.0
974,대곡,2021-12-14 11:00,12.8,8.0,3.9,5.0
974,대곡,2021-12-14 12:00,12.8,8.0,3.9,5.0
974,대곡,2021-12-14 13:00,12.9,8.0,3.9,5.0
974,대곡,2021-12-14 14:00,13.1,8.0,3.9,5.0
974,대곡,2021-12-14 15:00,13.3,8.0,3.9,5.0
974,대곡,2021-12-14 16:00,13.4,8.0,3.9,5.0
974,대곡,2021-12-14 17:00,13.5,8.0,3.9,5.0
974,대곡,2021-12-14 18:00,13.5,8.1,3.9,5.0
974,대곡,2021-12-14 19:00,13.5,8.1,3.9,5.0
974,대곡,2021-12-14 20:00,13.5,8.1,3.9,5.0
974,대곡,2021-12-14 21:00,13.4,8.1,3.9,5.0
974,대곡,2021-12-14 22:00,13.4,8.0,3.9,5.0
974,대곡,2021-12-14 23:00,13.3,8.0,3.9,5.0
974,대곡,2021-12-15 00:00,13.3,8.0,3.9,5.0
974,대곡,2021-12-15 01:00,13.2,8.0,3.9,5.0
974,대곡,2021-12-15 02:00,13.1,8.0,3.9,5.0
974,대곡,2021-12-15 03:00,13.1,8.0,3.9,5.0
974,대곡,2021-12-15 04:00,13.1,8.0,3.9,5.0
974,대곡,2021-12-15 05:00,13.1,8.0,3.9,5.0
974,대곡,2021-12-15 06:00,13.1,8.0,3.9,5.0
974,대곡,2021-12-15 07:00,13.0,8.0,3.9,5.0
974,대곡,2021-12-15 08:00,13.0,7.9,3.9,5.0
974,대곡,2021-12-15 09:00,13.0,7.9,3.9,5.0
974,대곡,2021-12-15 10:00,13.0,7.9,3.9,5.0
974,대곡,2021-12-15 11:00,13.0,7.9,3.9,5.0
974,대곡,2021-12-15 12:00,13.0,7.9,3.9,5.0
974,대곡,2021-12-15 13:00,13.1,7.9,3.9,5.0
974,대곡,2021-12-15 14:00,13.4,8.0,3.9,5.0
974,대곡,2021-12-15 15:00,13.5,8.0,3.9,5.0
974,대곡,2021-12-15 16:00,13.6,8.0,3.9,5.0
974,대곡,2021-12-15 17:00,13.7,8.0,3.9,5.0
974,대곡,2021-12-15 18:00,13.8,8.0,3.9,5.0
974,대곡,2021-12-15 19:00,13.8,8.0,3.9,5.0
974,대곡,2021-12-15 20:00,13.8,8.0,3.9,5.0
974,대곡,2021-12-15 21:00,13.8,8.0,3.9,5.0
974,대곡,2021-12-15 22:00,13.8,8.0,3.9,5.0
974,대곡,2021-12-15 23:00,13.7,8.0,3.9,5.0
974,대곡,2021-12-16 00:00,13.6,8.0,3.9,5.0
974,대곡,2021-12-16 01:00,13.6,8.0,3.9,5.0
974,대곡,2021-12-16 02:00,13.5,8.0,3.9,5.0
974,대곡,2021-12-16 03:00,13.4,8.0,3.9,5.0
974,대곡,2021-12-16 04:00,13.4,8.0,3.9,5.0
974,대곡,2021-12-16 05:00,13.4,8.0,3.9,5.0
974,대곡,2021-12-16 06:00,13.4,7.9,3.9,5.0
974,대곡,2021-12-16 07:00,13.4,7.9,3.9,5.0
974,대곡,2021-12-16 08:00,13.4,7.9,3.9,5.0
974,대곡,2021-12-16 09:00,13.4,7.9,3.9,5.0
974,대곡,2021-12-16 10:00,13.4,8.0,3.9,5.0
974,대곡,2021-12-16 11:00,13.4,8.0,3.9,5.0
974,대곡,2021-12-16 12:00,13.5,8.0,3.9,5.0
974,대곡,2021-12-16 13:00,13.6,8.0,3.9,5.0
974,대곡,2021-12-16 14:00,13.7,8.0,3.9,5.0
974,대곡,2021-12-16 15:00,13.8,8.0,3.9,5.0
974,대곡,2021-12-16 16:00,13.8,8.0,3.9,4.9
974,대곡,2021-12-16 17:00,13.9,8.0,3.9,4.9
974,대곡,2021-12-16 18:00,13.9,8.0,3.9,5.0
974,대곡,2021-12-16 19:00,13.9,8.0,3.9,5.0
974,대곡,2021-12-16 20:00,13.9,8.1,3.9,5.0
974,대곡,2021-12-16 21:00,13.9,8.1,3.9,5.0
974,대곡,2021-12-16 22:00,13.9,8.1,3.9,5.0
974,대곡,2021-12-16 23:00,14.0,8.1,3.9,5.0
974,대곡,2021-12-17 00:00,14.0,8.1,3.9,5.0
974,대곡,2021-12-17 01:00,14.0,8.1,3.9,5.0
974,대곡,2021-12-17 02:00,14.0,8.1,3.9,5.0
974,대곡,2021-12-17 03:00,14.0,8.1,3.9,5.0
974,대곡,2021-12-17 04:00,14.0,8.1,3.9,5.0
974,대곡,2021-12-17 05:00,13.9,8.0,3.9,5.0
974,대곡,2021-12-17 06:00,13.9,8.0,3.9,5.0
974,대곡,2021-12-17 07:00,13.9,8.0,3.9,5.0
974,대곡,2021-12-17 08:00,13.9,8.0,3.9,5.0
974,대곡,2021-12-17 09:00,13.8,8.0,3.9,5.0
974,대곡,2021-12-17 10:00,13.8,8.0,3.9,5.0
974,대곡,2021-12-17 11:00,13.8,8.0,3.9,5.0
974,대곡,2021-12-17 12:00,13.8,8.0,3.9,5.0
974,대곡,2021-12-17 13:00,13.8,8.0,3.9,5.0
974,대곡,2021-12-17 14:00,13.8,8.0,3.9,5.0
974,대곡,2021-12-17 15:00,13.9,8.0,3.9,5.0
974,대곡,2021-12-17 16:00,13.9,8.0,3.9,5.0
974,대곡,2021-12-17 17:00,13.9,8.0,3.9,5.0
974,대곡,2021-12-17 18:00,13.8,8.0,3.9,5.0
974,대곡,2021-12-17 19:00,13.7,8.0,3.9,5.0
974,대곡,2021-12-17 20:00,13.6,8.0,3.9,5.0
974,대곡,2021-12-17 21:00,13.6,8.0,3.9,5.0
974,대곡,2021-12-17 22:00,13.5,8.0,3.9,5.0
974,대곡,2021-12-17 23:00,13.5,8.0,3.9,5.0
974,대곡,2021-12-18 00:00,13.4,7.9,3.9,5.0
974,대곡,2021-12-18 01:00,13.4,7.9,3.9,5.0
974,대곡,2021-12-18 02:00,13.4,7.9,3.9,5.0
974,대곡,2021-12-18 03:00,13.3,7.9,3.9,5.0
974,대곡,2021-12-18 04:00,13.3,7.9,3.9,5.0
974,대곡,2021-12-18 05:00,13.3,7.9,3.9,5.0
974,대곡,2021-12-18 06:00,13.2,7.9,3.9,5.0
974,대곡,2021-12-18 07:00,13.1,7.9,3.8,5.0
974,대곡,2021-12-18 08:00,13.1,7.9,3.8,4.9
974,대곡,2021-12-18 09:00,13.0,7.9,3.8,4.9
974,대곡,2021-12-18 10:00,12.9,7.8,3.8,4.9
974,대곡,2021-12-18 11:00,12.9,7.8,3.8,4.9
974,대곡,2021-12-18 12:00,12.9,7.8,3.8,4.9
974,대곡,2021-12-18 13:00,12.9,7.8,3.8,4.9
974,대곡,2021-12-18 14:00,12.9,7.8,3.8,4.9
974,대곡,2021-12-18 15:00,12.9,7.8,3.8,4.9
974,대곡,2021-12-18 16:00,12.9,7.8,3.8,4.9
974,대곡,2021-12-18 17:00,12.9,7.8,3.8,4.9
974,대곡,2021-12-18 18:00,12.9,7.8,3.8,4.9
974,대곡,2021-12-18 19:00,12.9,7.8,3.8,4.9
974,대곡,2021-12-18 20:00,12.9,7.8,3.8,4.9
974,대곡,2021-12-18 21:00,12.9,7.8,3.8,4.9
974,대곡,2021-12-18 22:00,12.9,7.8,3.8,4.9
974,대곡,2021-12-18 23:00,12.9,7.8,3.8,4.9
974,대곡,2021-12-19 00:00,12.9,7.8,3.8,4.9
974,대곡,2021-12-19 01:00,12.9,7.8,3.8,4.9
974,대곡,2021-12-19 02:00,12.9,7.8,3.8,4.9
974,대곡,2021-12-19 03:00,12.9,7.8,3.8,4.9
974,대곡,2021-12-19 04:00,12.9,7.8,3.8,4.9
974,대곡,2021-12-19 05:00,12.9,7.8,3.8,4.9
974,대곡,2021-12-19 06:00,12.9,7.8,3.8,4.9
974,대곡,2021-12-19 07:00,12.8,7.8,3.8,4.9
974,대곡,2021-12-19 08:00,12.8,7.8,3.8,4.9
974,대곡,2021-12-19 09:00,12.8,7.8,3.8,4.9
974,대곡,2021-12-19 10:00,12.8,7.8,3.8,4.9
974,대곡,2021-12-19 11:00,12.8,7.8,3.8,4.9
974,대곡,2021-12-19 12:00,12.8,7.8,3.8,4.9
974,대곡,2021-12-19 13:00,12.9,7.8,3.8,4.9
974,대곡,2021-12-19 14:00,12.9,7.8,3.8,4.9
974,대곡,2021-12-19 15:00,13.0,7.8,3.8,4.9
974,대곡,2021-12-19 16:00,13.1,7.8,3.8,4.9
974,대곡,2021-12-19 17:00,13.1,7.8,3.8,4.9
974,대곡,2021-12-19 18:00,13.2,7.8,3.8,4.9
974,대곡,2021-12-19 19:00,13.2,7.8,3.8,4.9
974,대곡,2021-12-19 20:00,13.2,7.8,3.8,4.9
974,대곡,2021-12-19 21:00,13.1,7.8,3.8,4.9
974,대곡,2021-12-19 22:00,13.1,7.8,3.8,4.9
974,대곡,2021-12-19 23:00,13.1,7.8,3.8,4.9
974,대곡,2021-12-20 00:00,13.0,7.8,3.8,4.9
974,대곡,2021-12-20 01:00,12.9,7.8,3.8,4.9
974,대곡,2021-12-20 02:00,12.9,7.8,3.8,4.9
974,대곡,2021-12-20 03:00,12.9,7.8,3.8,4.9
974,대곡,2021-12-20 04:00,12.9,7.8,3.8,4.9
974,대곡,2021-12-20 05:00,12.9,7.8,3.8,4.9
974,대곡,2021-12-20 06:00,12.8,7.8,3.8,4.9
974,대곡,2021-12-20 07:00,12.8,7.8,3.8,4.9
974,대곡,2021-12-20 08:00,12.8,7.8,3.8,4.9
974,대곡,2021-12-20 09:00,12.8,7.8,3.8,4.9
974,대곡,2021-12-20 10:00,12.8,7.8,3.8,4.9
974,대곡,2021-12-20 11:00,12.8,7.8,3.8,4.9
974,대곡,2021-12-20 12:00,12.8,7.8,3.8,4.9
974,대곡,2021-12-20 13:00,12.8,7.8,3.8,4.9
974,대곡,2021-12-20 14:00,12.9,7.8,3.8,4.9
974,대곡,2021-12-20 15:00,13.0,7.8,3.8,4.9
974,대곡,2021-12-20 16:00,13.1,7.8,3.8,4.9
974,대곡,2021-12-20 17:00,13.1,7.8,3.8,4.9
974,대곡,2021-12-20 18:00,13.1,7.8,3.8,4.9
974,대곡,2021-12-20 19:00,13.1,7.8,3.8,4.9
974,대곡,2021-12-20 20:00,13.1,7.8,3.8,4.9
974,대곡,2021-12-20 21:00,13.1,7.8,3.8,4.9
974,대곡,2021-12-20 22:00,13.1,7.8,3.8,4.9
974,대곡,2021-12-20 23:00,13.1,7.8,3.8,4.9
974,대곡,2021-12-21 00:00,13.1,7.8,3.8,4.9
974,대곡,2021-12-21 01:00,13.1,7.8,3.8,4.9
974,대곡,2021-12-21 02:00,13.0,7.8,3.8,4.9
974,대곡,2021-12-21 03:00,12.9,7.8,3.8,4.9
974,대곡,2021-12-21 04:00,12.9,7.8,3.8,4.9
974,대곡,2021-12-21 05:00,12.9,7.8,3.8,4.9
974,대곡,2021-12-21 06:00,12.9,7.8,3.8,4.9
974,대곡,2021-12-21 07:00,12.8,7.8,3.8,4.9
974,대곡,2021-12-21 08:00,12.8,7.7,3.8,4.9
974,대곡,2021-12-21 09:00,12.8,7.7,3.8,4.9
974,대곡,2021-12-21 10:00,12.8,7.8,3.8,4.9
974,대곡,2021-12-21 11:00,12.8,7.8,3.8,4.9
974,대곡,2021-12-21 12:00,12.9,7.8,3.8,4.9
974,대곡,2021-12-21 13:00,12.9,7.8,3.8,4.9
974,대곡,2021-12-21 14:00,13.1,7.8,3.8,4.9
974,대곡,2021-12-21 15:00,13.1,7.8,3.8,4.9
974,대곡,2021-12-21 16:00,13.1,7.8,3.8,4.9
974,대곡,2021-12-21 17:00,13.2,7.8,3.8,4.9
974,대곡,2021-12-21 18:00,13.2,7.8,3.8,4.9
974,대곡,2021-12-21 19:00,13.3,7.8,3.8,4.9
974,대곡,2021-12-21 20:00,13.3,7.8,3.8,4.9
974,대곡,2021-12-21 21:00,13.3,7.8,3.8,4.9
974,대곡,2021-12-21 22:00,13.3,7.8,3.8,4.9
974,대곡,2021-12-21 23:00,13.3,7.8,3.8,4.9
974,대곡,2021-12-22 00:00,13.3,7.8,3.8,4.9
974,대곡,2021-12-22 01:00,13.3,7.8,3.8,4.9
974,대곡,2021-12-22 02:00,13.3,7.8,3.8,4.9
974,대곡,2021-12-22 03:00,13.3,7.8,3.8,4.9
974,대곡,2021-12-22 04:00,13.2,7.8,3.8,4.9
974,대곡,2021-12-22 05:00,13.1,7.8,3.8,4.9
974,대곡,2021-12-22 06:00,13.1,7.8,3.8,4.9
974,대곡,2021-12-22 07:00,13.0,7.8,3.8,4.9
974,대곡,2021-12-22 08:00,12.9,7.8,3.8,4.9
974,대곡,2021-12-22 09:00,12.9,7.7,3.8,4.9
974,대곡,2021-12-22 10:00,12.9,7.7,3.8,4.9
974,대곡,2021-12-22 11:00,12.9,7.7,3.8,4.9
974,대곡,2021-12-22 12:00,13.0,7.8,3.8,4.9
974,대곡,2021-12-22 13:00,13.1,7.8,3.8,4.9
974,대곡,2021-12-22 14:00,13.4,7.8,3.8,4.9
974,대곡,2021-12-22 15:00,13.4,7.8,3.8,4.9
974,대곡,2021-12-22 16:00,13.5,7.8,3.8,4.9
974,대곡,2021-12-22 17:00,13.4,7.8,3.8,4.9
974,대곡,2021-12-22 18:00,13.4,7.8,3.8,4.9
974,대곡,2021-12-22 19:00,13.5,7.8,3.8,4.9
974,대곡,2021-12-22 20:00,13.5,7.8,3.8,4.9
974,대곡,2021-12-22 21:00,13.5,7.8,3.8,4.9
974,대곡,2021-12-22 22:00,13.5,7.8,3.8,4.9
974,대곡,2021-12-22 23:00,13.5,7.8,3.8,4.9
974,대곡,2021-12-23 00:00,13.4,7.8,3.8,4.9
974,대곡,2021-12-23 01:00,13.3,7.8,3.8,4.9
974,대곡,2021-12-23 02:00,13.3,7.8,3.8,4.9
974,대곡,2021-12-23 03:00,13.2,7.8,3.8,4.9
974,대곡,2021-12-23 04:00,13.1,7.8,3.8,4.9
974,대곡,2021-12-23 05:00,13.1,7.7,3.8,4.9
974,대곡,2021-12-23 06:00,13.0,7.7,3.8,4.9
974,대곡,2021-12-23 07:00,12.9,7.7,3.8,4.9
974,대곡,2021-12-23 08:00,12.8,7.7,3.8,4.9
974,대곡,2021-12-23 09:00,12.8,7.7,3.8,4.9
974,대곡,2021-12-23 10:00,12.8,7.7,3.8,4.9
974,대곡,2021-12-23 11:00,12.8,7.7,3.8,4.9
974,대곡,2021-12-23 12:00,12.8,7.7,3.8,4.9
974,대곡,2021-12-23 13:00,12.9,7.7,3.8,4.9
974,대곡,2021-12-23 14:00,13.1,7.7,3.8,4.9
974,대곡,2021-12-23 15:00,13.3,7.7,3.8,4.9
974,대곡,2021-12-23 16:00,13.3,7.7,3.8,4.9
974,대곡,2021-12-23 17:00,13.4,7.7,3.8,4.9
974,대곡,2021-12-23 18:00,13.4,7.8,3.8,4.9
974,대곡,2021-12-23 19:00,13.4,7.8,3.8,4.9
974,대곡,2021-12-23 20:00,13.4,7.8,3.8,4.9
974,대곡,2021-12-23 21:00,13.4,7.8,3.8,4.9
974,대곡,2021-12-23 22:00,13.4,7.8,3.8,4.9
974,대곡,2021-12-23 23:00,13.4,7.8,3.8,4.9
974,대곡,2021-12-24 00:00,13.4,7.7,3.8,4.9
974,대곡,2021-12-24 01:00,13.3,7.7,3.8,4.9
974,대곡,2021-12-24 02:00,13.3,7.7,3.8,4.9
974,대곡,2021-12-24 03:00,13.2,7.7,3.8,4.9
974,대곡,2021-12-24 04:00,13.1,7.7,3.8,4.9
974,대곡,2021-12-24 05:00,13.1,7.7,3.8,4.9
974,대곡,2021-12-24 06:00,13.0,7.7,3.8,4.9
974,대곡,2021-12-24 07:00,12.9,7.6,3.8,4.9
974,대곡,2021-12-24 08:00,12.9,7.6,3.8,4.9
974,대곡,2021-12-24 09:00,12.9,7.6,3.8,4.9
974,대곡,2021-12-24 10:00,12.9,7.6,3.8,4.9
974,대곡,2021-12-24 11:00,12.9,7.6,3.8,4.9
974,대곡,2021-12-24 12:00,12.9,7.6,3.8,4.9
974,대곡,2021-12-24 13:00,13.0,7.6,3.8,4.9
974,대곡,2021-12-24 14:00,13.1,7.6,3.8,4.9
974,대곡,2021-12-24 15:00,13.1,7.7,3.8,4.9
974,대곡,2021-12-24 16:00,13.2,7.7,3.8,4.9
974,대곡,2021-12-24 17:00,13.3,7.7,3.8,4.9
974,대곡,2021-12-24 18:00,13.3,7.7,3.8,4.9
974,대곡,2021-12-24 19:00,13.3,7.7,3.8,4.9
974,대곡,2021-12-24 20:00,13.3,7.7,3.8,4.9
974,대곡,2021-12-24 21:00,13.3,7.7,3.8,4.9
974,대곡,2021-12-24 22:00,13.3,7.7,3.8,4.9
974,대곡,2021-12-24 23:00,13.3,7.7,3.8,4.9
974,대곡,2021-12-25 00:00,13.3,7.7,3.8,4.9
974,대곡,2021-12-25 01:00,13.3,7.7,3.8,4.9
974,대곡,2021-12-25 02:00,13.2,7.7,3.8,4.9
974,대곡,2021-12-25 03:00,13.2,7.7,3.8,4.9
974,대곡,2021-12-25 04:00,13.1,7.7,3.8,4.9
974,대곡,2021-12-25 05:00,13.1,7.7,3.8,4.9
974,대곡,2021-12-25 06:00,13.0,7.6,3.8,4.9
974,대곡,2021-12-25 07:00,13.0,7.6,3.8,4.9
974,대곡,2021-12-25 08:00,12.9,7.6,3.8,4.9
974,대곡,2021-12-25 09:00,12.9,7.6,3.8,4.9
974,대곡,2021-12-25 10:00,12.9,7.6,3.8,4.9
974,대곡,2021-12-25 11:00,12.9,7.6,3.8,4.9
974,대곡,2021-12-25 12:00,12.9,7.6,3.8,4.9
974,대곡,2021-12-25 13:00,12.9,7.6,3.8,4.9
974,대곡,2021-12-25 14:00,12.9,7.6,3.8,4.9
974,대곡,2021-12-25 15:00,12.9,7.6,3.8,4.9
974,대곡,2021-12-25 16:00,12.9,7.6,3.8,4.9
974,대곡,2021-12-25 17:00,12.9,7.6,3.8,4.9
974,대곡,2021-12-25 18:00,12.9,7.6,3.8,4.9
974,대곡,2021-12-25 19:00,12.9,7.6,3.8,4.9
974,대곡,2021-12-25 20:00,12.9,7.6,3.8,4.9
974,대곡,2021-12-25 21:00,12.8,7.6,3.8,4.9
974,대곡,2021-12-25 22:00,12.8,7.6,3.8,4.9
974,대곡,2021-12-25 23:00,12.8,7.6,3.8,4.9
974,대곡,2021-12-26 00:00,12.7,7.6,3.8,4.9
974,대곡,2021-12-26 01:00,12.6,7.6,3.8,4.8
974,대곡,2021-12-26 02:00,12.6,7.6,3.8,4.8
974,대곡,2021-12-26 03:00,12.5,7.6,3.8,4.8
974,대곡,2021-12-26 04:00,12.4,7.6,3.8,4.8
974,대곡,2021-12-26 05:00,12.2,7.6,3.8,4.8
974,대곡,2021-12-26 06:00,12.0,7.6,3.8,4.8
974,대곡,2021-12-26 07:00,11.8,7.6,3.8,4.8
974,대곡,2021-12-26 08:00,11.6,7.6,3.8,4.8
974,대곡,2021-12-26 09:00,11.1,7.5,3.8,4.8
974,대곡,2021-12-26 10:00,11.1,7.5,3.8,4.8
974,대곡,2021-12-26 11:00,11.2,7.5,3.8,4.8
974,대곡,2021-12-26 12:00,11.4,7.5,3.8,4.8
974,대곡,2021-12-26 13:00,11.6,7.5,3.8,4.8
974,대곡,2021-12-26 14:00,11.7,7.5,3.8,4.8
974,대곡,2021-12-26 15:00,11.8,7.5,3.8,4.8
974,대곡,2021-12-26 16:00,11.8,7.5,3.8,4.8
974,대곡,2021-12-26 17:00,11.8,7.5,3.8,4.8
974,대곡,2021-12-26 18:00,11.8,7.5,3.8,4.8
974,대곡,2021-12-26 19:00,11.8,7.5,3.8,4.8
974,대곡,2021-12-26 20:00,11.8,7.5,3.8,4.8
974,대곡,2021-12-26 21:00,11.7,7.5,3.8,4.8
974,대곡,2021-12-26 22:00,11.6,7.5,3.8,4.8
974,대곡,2021-12-26 23:00,11.4,7.5,3.8,4.8
974,대곡,2021-12-27 00:00,11.2,7.5,3.8,4.8
974,대곡,2021-12-27 01:00,10.6,7.5,3.8,4.8
974,대곡,2021-12-27 02:00,10.3,7.5,3.8,4.8
974,대곡,2021-12-27 03:00,10.0,7.5,3.8,4.8
974,대곡,2021-12-27 04:00,9.8,7.4,3.8,4.8
974,대곡,2021-12-27 05:00,9.5,7.4,3.8,4.8
974,대곡,2021-12-27 06:00,9.2,7.4,3.8,4.8
974,대곡,2021-12-27 07:00,8.9,7.4,3.8,4.8
974,대곡,2021-12-27 08:00,8.6,7.4,3.8,4.8
974,대곡,2021-12-27 09:00,8.4,7.4,3.8,4.8
974,대곡,2021-12-27 10:00,8.4,7.4,3.8,4.8
974,대곡,2021-12-27 11:00,8.5,7.4,3.8,4.8
974,대곡,2021-12-27 12:00,8.8,7.4,3.8,4.8
974,대곡,2021-12-27 13:00,9.1,7.4,3.8,4.8
974,대곡,2021-12-27 14:00,9.6,7.4,3.8,4.8
974,대곡,2021-12-27 15:00,10.0,7.4,3.8,4.8
974,대곡,2021-12-27 16:00,10.4,7.4,3.7,4.8
974,대곡,2021-12-27 17:00,10.6,7.4,3.7,4.8
974,대곡,2021-12-27 18:00,10.6,7.4,3.7,4.8
974,대곡,2021-12-27 19:00,10.6,7.4,3.7,4.8
974,대곡,2021-12-27 20:00,10.6,7.4,3.7,4.8
974,대곡,2021-12-27 21:00,10.6,7.4,3.7,4.8
974,대곡,2021-12-27 22:00,10.6,7.3,3.7,4.8
974,대곡,2021-12-27 23:00,10.6,7.3,3.7,4.8
974,대곡,2021-12-28 00:00,10.6,7.3,3.7,4.8
974,대곡,2021-12-28 01:00,10.5,7.3,3.7,4.8
974,대곡,2021-12-28 02:00,10.4,7.3,3.7,4.8
974,대곡,2021-12-28 03:00,10.3,7.3,3.7,4.8
974,대곡,2021-12-28 04:00,9.6,7.3,3.7,4.8
974,대곡,2021-12-28 05:00,9.2,7.3,3.7,4.8
974,대곡,2021-12-28 06:00,8.9,7.3,3.7,4.8
974,대곡,2021-12-28 07:00,8.6,7.3,3.7,4.8
974,대곡,2021-12-28 08:00,8.3,7.3,3.7,4.8
974,대곡,2021-12-28 09:00,8.1,7.3,3.7,4.8
974,대곡,2021-12-28 10:00,8.2,7.3,3.7,4.8
974,대곡,2021-12-28 11:00,8.5,7.3,3.7,4.8
974,대곡,2021-12-28 12:00,8.9,7.3,3.7,4.8
974,대곡,2021-12-28 13:00,9.5,7.3,3.7,4.8
974,대곡,2021-12-28 14:00,10.0,7.3,3.7,4.8
974,대곡,2021-12-28 15:00,10.4,7.3,3.7,4.8
974,대곡,2021-12-28 16:00,10.7,7.3,3.7,4.8
974,대곡,2021-12-28 17:00,10.8,7.3,3.7,4.8
974,대곡,2021-12-28 18:00,10.9,7.3,3.7,4.8
974,대곡,2021-12-28 19:00,11.0,7.3,3.7,4.8
974,대곡,2021-12-28 20:00,11.0,7.3,3.7,4.8
974,대곡,2021-12-28 21:00,11.0,7.3,3.7,4.8
974,대곡,2021-12-28 22:00,11.0,7.3,3.7,4.8
974,대곡,2021-12-28 23:00,11.0,7.3,3.7,4.8
974,대곡,2021-12-29 00:00,11.0,7.3,3.7,4.8
974,대곡,2021-12-29 01:00,11.0,7.3,3.7,4.8
974,대곡,2021-12-29 02:00,11.0,7.3,3.7,4.8
974,대곡,2021-12-29 03:00,11.0,7.3,3.7,4.8
974,대곡,2021-12-29 04:00,11.0,7.2,3.7,4.8
974,대곡,2021-12-29 05:00,11.0,7.2,3.7,4.8
974,대곡,2021-12-29 06:00,11.0,7.2,3.7,4.8
974,대곡,2021-12-29 07:00,11.0,7.2,3.7,4.8
974,대곡,2021-12-29 08:00,10.9,7.2,3.7,4.8
974,대곡,2021-12-29 09:00,10.9,7.2,3.7,4.8
974,대곡,2021-12-29 10:00,11.1,7.2,3.7,4.8
974,대곡,2021-12-29 11:00,11.2,7.2,3.7,4.8
974,대곡,2021-12-29 12:00,11.3,7.3,3.7,4.8
974,대곡,2021-12-29 13:00,11.3,7.3,3.7,4.8
974,대곡,2021-12-29 14:00,11.4,7.3,3.7,4.8
974,대곡,2021-12-29 15:00,11.6,7.3,3.7,4.8
974,대곡,2021-12-29 16:00,11.8,7.3,3.7,4.8
974,대곡,2021-12-29 17:00,11.9,7.3,3.7,4.8
974,대곡,2021-12-29 18:00,12.0,7.3,3.7,4.8
974,대곡,2021-12-29 19:00,12.1,7.3,3.7,4.8
974,대곡,2021-12-29 20:00,12.1,7.3,3.7,4.8
974,대곡,2021-12-29 21:00,12.1,7.3,3.7,4.8
974,대곡,2021-12-29 22:00,12.1,7.3,3.7,4.8
974,대곡,2021-12-29 23:00,12.2,7.3,3.7,4.8
974,대곡,2021-12-30 00:00,12.2,7.3,3.7,4.8
974,대곡,2021-12-30 01:00,12.2,7.3,3.7,4.8
974,대곡,2021-12-30 02:00,12.2,7.3,3.7,4.8
974,대곡,2021-12-30 03:00,12.2,7.3,3.7,4.8
974,대곡,2021-12-30 04:00,12.2,7.3,3.7,4.8
974,대곡,2021-12-30 05:00,12.1,7.3,3.7,4.8
974,대곡,2021-12-30 06:00,12.1,7.3,3.7,4.8
974,대곡,2021-12-30 07:00,12.1,7.3,3.7,4.8
974,대곡,2021-12-30 08:00,12.1,7.3,3.7,4.8
974,대곡,2021-12-30 09:00,12.1,7.3,3.7,4.8
974,대곡,2021-12-30 10:00,12.1,7.3,3.7,4.8
974,대곡,2021-12-30 11:00,12.1,7.3,3.7,4.8
974,대곡,2021-12-30 12:00,12.1,7.3,3.7,4.8
974,대곡,2021-12-30 13:00,12.1,7.3,3.7,4.8
974,대곡,2021-12-30 14:00,12.1,7.3,3.7,4.8
974,대곡,2021-12-30 15:00,12.1,7.3,3.7,4.8
974,대곡,2021-12-30 16:00,12.2,7.3,3.7,4.8
974,대곡,2021-12-30 17:00,12.2,7.3,3.7,4.8
974,대곡,2021-12-30 18:00,12.2,7.3,3.7,4.8
974,대곡,2021-12-30 19:00,12.3,7.3,3.7,4.8
974,대곡,2021-12-30 20:00,12.3,7.3,3.7,4.8
974,대곡,2021-12-30 21:00,12.3,7.3,3.7,4.8
974,대곡,2021-12-30 22:00,12.3,7.3,3.7,4.8
974,대곡,2021-12-30 23:00,12.3,7.3,3.7,4.8
974,대곡,2021-12-31 00:00,12.3,7.3,3.7,4.8
974,대곡,2021-12-31 01:00,12.3,7.3,3.7,4.8
974,대곡,2021-12-31 02:00,12.3,7.3,3.7,4.8
974,대곡,2021-12-31 03:00,12.3,7.3,3.7,4.8
974,대곡,2021-12-31 04:00,12.3,7.3,3.7,4.8
974,대곡,2021-12-31 05:00,12.3,7.3,3.7,4.8
974,대곡,2021-12-31 06:00,12.2,7.3,3.7,4.8
974,대곡,2021-12-31 07:00,12.2,7.3,3.7,4.8
974,대곡,2021-12-31 08:00,12.1,7.3,3.7,4.8
974,대곡,2021-12-31 09:00,12.1,7.3,3.7,4.8
974,대곡,2021-12-31 10:00,12.1,7.3,3.7,4.8
974,대곡,2021-12-31 11:00,12.1,7.4,3.7,4.8
974,대곡,2021-12-31 12:00,12.1,7.4,3.7,4.8
974,대곡,2021-12-31 13:00,12.1,7.4,3.7,4.8
974,대곡,2021-12-31 14:00,12.1,7.4,3.7,4.8
974,대곡,2021-12-31 15:00,12.2,7.4,3.7,4.8
974,대곡,2021-12-31 16:00,12.2,7.4,3.7,4.8
974,대곡,2021-12-31 17:00,12.2,7.4,3.7,4.8
974,대곡,2021-12-31 18:00,12.2,7.4,3.7,4.8
974,대곡,2021-12-31 19:00,12.2,7.4,3.7,4.8
974,대곡,2021-12-31 20:00,12.2,7.4,3.7,4.8
974,대곡,2021-12-31 21:00,12.1,7.4,3.7,4.8
974,대곡,2021-12-31 22:00,12.1,7.4,3.7,4.8
974,대곡,2021-12-31 23:00,12.1,7.4,3.7,4.8
974,대곡,2022-01-01 01:00,12.1,7.4,3.7,4.8
974,대곡,2022-01-01 02:00,12.0,7.4,3.7,4.8
974,대곡,2022-01-01 03:00,12.0,7.4,3.7,4.8
974,대곡,2022-01-01 04:00,11.9,7.4,3.7,4.8
974,대곡,2022-01-01 05:00,11.9,7.4,3.7,4.8
974,대곡,2022-01-01 06:00,11.8,7.3,3.7,4.8
974,대곡,2022-01-01 07:00,11.7,7.4,3.7,4.8
974,대곡,2022-01-01 08:00,11.6,7.3,3.7,4.8
974,대곡,2022-01-01 09:00,11.5,7.3,3.7,4.8
974,대곡,2022-01-01 10:00,11.6,7.3,3.7,4.8
974,대곡,2022-01-01 11:00,11.6,7.3,3.7,4.8
974,대곡,2022-01-01 12:00,11.6,7.4,3.7,4.8
974,대곡,2022-01-01 13:00,11.6,7.4,3.7,4.8
974,대곡,2022-01-01 14:00,11.6,7.4,3.7,4.8
974,대곡,2022-01-01 15:00,11.7,7.4,3.7,4.8
974,대곡,2022-01-01 16:00,11.8,7.4,3.7,4.8
974,대곡,2022-01-01 17:00,11.8,7.4,3.7,4.8
974,대곡,2022-01-01 18:00,11.8,7.4,3.7,4.8
974,대곡,2022-01-01 19:00,11.8,7.4,3.7,4.8
974,대곡,2022-01-01 20:00,11.8,7.4,3.7,4.8
974,대곡,2022-01-01 21:00,11.8,7.4,3.7,4.8
974,대곡,2022-01-01 22:00,11.7,7.4,3.7,4.8
974,대곡,2022-01-01 23:00,11.7,7.3,3.7,4.8
974,대곡,2022-01-02 01:00,11.6,7.3,3.7,4.8
974,대곡,2022-01-02 02:00,11.6,7.3,3.7,4.8
974,대곡,2022-01-02 03:00,11.5,7.3,3.7,4.8
974,대곡,2022-01-02 04:00,11.4,7.3,3.7,4.8
974,대곡,2022-01-02 05:00,11.3,7.3,3.7,4.8
974,대곡,2022-01-02 06:00,11.2,7.3,3.7,4.8
974,대곡,2022-01-02 07:00,11.0,7.3,3.7,4.8
974,대곡,2022-01-02 08:00,10.6,7.3,3.7,4.8
974,대곡,2022-01-02 09:00,10.3,7.3,3.7,4.8
974,대곡,2022-01-02 10:00,10.7,7.3,3.7,4.8
974,대곡,2022-01-02 11:00,11.0,7.3,3.7,4.8
974,대곡,2022-01-02 12:00,11.1,7.3,3.7,4.8
974,대곡,2022-01-02 13:00,11.2,7.3,3.7,4.8
974,대곡,2022-01-02 14:00,11.3,7.3,3.7,4.8
974,대곡,2022-01-02 15:00,11.3,7.3,3.7,4.8
974,대곡,2022-01-02 16:00,11.4,7.3,3.7,4.8
974,대곡,2022-01-02 17:00,11.4,7.3,3.7,4.8
974,대곡,2022-01-02 18:00,11.4,7.3,3.7,4.8
974,대곡,2022-01-02 19:00,11.4,7.3,3.7,4.8
974,대곡,2022-01-02 20:00,11.4,7.3,3.7,4.8
974,대곡,2022-01-02 21:00,11.4,7.3,3.7,4.8
974,대곡,2022-01-02 22:00,11.4,7.3,3.7,4.8
974,대곡,2022-01-02 23:00,11.4,7.3,3.7,4.8
974,대곡,2022-01-03 01:00,11.3,7.3,3.7,4.8
974,대곡,2022-01-03 02:00,11.3,7.3,3.7,4.8
974,대곡,2022-01-03 03:00,11.2,7.3,3.7,4.8
974,대곡,2022-01-03 04:00,11.1,7.3,3.7,4.8
974,대곡,2022-01-03 05:00,11.0,7.3,3.7,4.8
974,대곡,2022-01-03 06:00,10.8,7.3,3.7,4.8
974,대곡,2022-01-03 07:00,10.3,7.3,3.7,4.8
974,대곡,2022-01-03 08:00,9.9,7.3,3.7,4.8
974,대곡,2022-01-03 09:00,9.8,7.2,3.7,4.8
974,대곡,2022-01-03 10:00,10.1,7.2,3.7,4.8
974,대곡,2022-01-03 11:00,10.5,7.2,3.7,4.8
974,대곡,2022-01-03 12:00,10.7,7.3,3.7,4.8
974,대곡,2022-01-03 13:00,10.8,7.3,3.7,4.8
974,대곡,2022-01-03 14:00,10.9,7.3,3.7,4.8
974,대곡,2022-01-03 15:00,11.0,7.3,3.7,4.8
974,대곡,2022-01-03 16:00,11.1,7.3,3.7,4.8
974,대곡,2022-01-03 17:00,11.1,7.3,3.7,4.8
974,대곡,2022-01-03 18:00,11.1,7.3,3.7,4.8
974,대곡,2022-01-03 19:00,11.1,7.3,3.7,4.8
974,대곡,2022-01-03 20:00,11.1,7.3,3.7,4.8
974,대곡,2022-01-03 21:00,11.1,7.3,3.7,4.8
974,대곡,2022-01-03 22:00,11.2,7.3,3.7,4.8
974,대곡,2022-01-03 23:00,11.2,7.3,3.7,4.8
974,대곡,2022-01-04 00:00,11.2,7.3,3.7,4.8
974,대곡,2022-01-04 01:00,11.2,7.3,3.7,4.8
974,대곡,2022-01-04 02:00,11.2,7.2,3.7,4.8
974,대곡,2022-01-04 03:00,11.1,7.2,3.7,4.8
974,대곡,2022-01-04 04:00,11.1,7.2,3.7,4.8
974,대곡,2022-01-04 05:00,11.1,7.2,3.7,4.8
974,대곡,2022-01-04 06:00,11.1,7.2,3.7,4.8
974,대곡,2022-01-04 07:00,11.1,7.2,3.7,4.8
974,대곡,2022-01-04 08:00,11.1,7.2,3.7,4.8
974,대곡,2022-01-04 09:00,11.1,7.2,3.7,4.8
974,대곡,2022-01-04 10:00,11.1,7.2,3.7,4.8
974,대곡,2022-01-04 11:00,11.1,7.2,3.7,4.8
974,대곡,2022-01-04 12:00,11.2,7.2,3.7,4.8
974,대곡,2022-01-04 13:00,11.2,7.2,3.7,4.8
974,대곡,2022-01-04 14:00,11.2,7.2,3.7,4.8
974,대곡,2022-01-04 15:00,11.3,7.3,3.7,4.8
974,대곡,2022-01-04 16:00,11.3,7.3,3.7,4.8
974,대곡,2022-01-04 17:00,11.4,7.3,3.7,4.8
974,대곡,2022-01-04 18:00,11.4,7.3,3.7,4.8
974,대곡,2022-01-04 19:00,11.4,7.3,3.7,4.8
974,대곡,2022-01-04 20:00,11.4,7.3,3.7,4.8
974,대곡,2022-01-04 21:00,11.4,7.3,3.7,4.8
974,대곡,2022-01-04 22:00,11.4,7.2,3.7,4.8
974,대곡,2022-01-04 23:00,11.4,7.2,3.7,4.8
974,대곡,2022-01-05 00:00,11.4,7.2,3.7,4.8
974,대곡,2022-01-05 01:00,11.4,7.2,3.7,4.8
974,대곡,2022-01-05 02:00,11.4,7.2,3.7,4.8
974,대곡,2022-01-05 03:00,11.4,7.2,3.7,4.8
974,대곡,2022-01-05 04:00,11.4,7.2,3.7,4.8
974,대곡,2022-01-05 05:00,11.4,7.2,3.7,4.8
974,대곡,2022-01-05 06:00,11.4,7.2,3.7,4.8
974,대곡,2022-01-05 07:00,11.4,7.2,3.7,4.8
974,대곡,2022-01-05 08:00,11.4,7.2,3.7,4.8
974,대곡,2022-01-05 09:00,11.4,7.2,3.7,4.8
974,대곡,2022-01-05 10:00,11.4,7.2,3.7,4.8
974,대곡,2022-01-05 11:00,11.4,7.2,3.7,4.8
974,대곡,2022-01-05 12:00,11.4,7.2,3.7,4.8
974,대곡,2022-01-05 13:00,11.4,7.2,3.7,4.8
974,대곡,2022-01-05 14:00,11.4,7.2,3.7,4.8
974,대곡,2022-01-05 15:00,11.4,7.2,3.7,4.8
974,대곡,2022-01-05 16:00,11.4,7.2,3.7,4.8
974,대곡,2022-01-05 17:00,11.4,7.2,3.7,4.8
974,대곡,2022-01-05 18:00,11.4,7.3,3.7,4.8
974,대곡,2022-01-05 19:00,11.4,7.3,3.7,4.8
974,대곡,2022-01-05 20:00,11.4,7.3,3.7,4.8
974,대곡,2022-01-05 21:00,11.4,7.3,3.7,4.8
974,대곡,2022-01-05 22:00,11.5,7.3,3.7,4.8
974,대곡,2022-01-05 23:00,11.5,7.3,3.7,4.8
974,대곡,2022-01-06 00:00,11.5,7.3,3.7,4.8
974,대곡,2022-01-06 01:00,11.5,7.3,3.7,4.8
974,대곡,2022-01-06 02:00,11.5,7.3,3.7,4.8
974,대곡,2022-01-06 03:00,11.6,7.3,3.7,4.8
974,대곡,2022-01-06 04:00,11.6,7.3,3.7,4.8
974,대곡,2022-01-06 05:00,11.6,7.3,3.7,4.8
974,대곡,2022-01-06 06:00,11.6,7.3,3.7,4.8
974,대곡,2022-01-06 07:00,11.6,7.3,3.7,4.8
974,대곡,2022-01-06 08:00,11.6,7.3,3.7,4.8
974,대곡,2022-01-06 09:00,11.6,7.3,3.7,4.8
974,대곡,2022-01-06 10:00,11.6,7.3,3.7,4.8
974,대곡,2022-01-06 11:00,11.6,7.3,3.7,4.8
974,대곡,2022-01-06 12:00,11.6,7.3,3.7,4.8
974,대곡,2022-01-06 13:00,11.7,7.3,3.7,4.8
974,대곡,2022-01-06 14:00,11.8,7.3,3.7,4.8
974,대곡,2022-01-06 15:00,11.9,7.3,3.7,4.8
974,대곡,2022-01-06 16:00,11.9,7.3,3.7,4.8
974,대곡,2022-01-06 17:00,12.0,7.3,3.7,4.8
974,대곡,2022-01-06 18:00,12.0,7.3,3.7,4.8
974,대곡,2022-01-06 19:00,12.1,7.3,3.7,4.8
974,대곡,2022-01-06 20:00,12.1,7.3,3.7,4.8
974,대곡,2022-01-06 21:00,12.1,7.3,3.7,4.8
974,대곡,2022-01-06 22:00,12.0,7.3,3.7,4.8
974,대곡,2022-01-06 23:00,12.0,7.3,3.7,4.8
974,대곡,2022-01-07 01:00,11.8,7.3,3.7,4.8
974,대곡,2022-01-07 02:00,11.8,7.3,3.7,4.8
974,대곡,2022-01-07 03:00,11.6,7.3,3.7,4.8
974,대곡,2022-01-07 04:00,11.5,7.3,3.7,4.8
974,대곡,2022-01-07 05:00,11.4,7.3,3.7,4.8
974,대곡,2022-01-07 06:00,11.3,7.3,3.7,4.8
974,대곡,2022-01-07 07:00,11.2,7.3,3.7,4.8
974,대곡,2022-01-07 08:00,11.1,7.2,3.7,4.8
974,대곡,2022-01-07 09:00,11.0,7.2,3.7,4.8
974,대곡,2022-01-07 10:00,11.1,7.2,3.7,4.8
974,대곡,2022-01-07 11:00,11.1,7.2,3.7,4.8
974,대곡,2022-01-07 12:00,11.2,7.2,3.7,4.8
974,대곡,2022-01-07 13:00,11.3,7.2,3.7,4.8
974,대곡,2022-01-07 14:00,11.4,7.2,3.7,4.8
974,대곡,2022-01-07 15:00,11.5,7.2,3.7,4.8
974,대곡,2022-01-07 16:00,11.6,7.2,3.7,4.8
974,대곡,2022-01-07 17:00,11.6,7.3,3.7,4.8
974,대곡,2022-01-07 18:00,11.6,7.3,3.7,4.8
974,대곡,2022-01-07 19:00,11.6,7.3,3.7,4.8
974,대곡,2022-01-07 20:00,11.6,7.3,3.7,4.8
974,대곡,2022-01-07 21:00,11.6,7.2,3.7,4.8
974,대곡,2022-01-07 22:00,11.6,7.2,3.7,4.8
974,대곡,2022-01-07 23:00,11.6,7.2,3.7,4.8
974,대곡,2022-01-08 01:00,11.4,7.2,3.7,4.8
974,대곡,2022-01-08 02:00,11.3,7.2,3.7,4.8
974,대곡,2022-01-08 03:00,11.2,7.2,3.7,4.8
974,대곡,2022-01-08 04:00,11.1,7.2,3.7,4.8
974,대곡,2022-01-08 05:00,10.9,7.2,3.7,4.8
974,대곡,2022-01-08 06:00,10.4,7.1,3.7,4.8
974,대곡,2022-01-08 07:00,9.9,7.1,3.7,4.8
974,대곡,2022-01-08 08:00,9.6,7.1,3.7,4.8
974,대곡,2022-01-08 09:00,9.5,7.1,3.7,4.8
974,대곡,2022-01-08 10:00,9.8,7.1,3.7,4.8
974,대곡,2022-01-08 11:00,10.4,7.1,3.7,4.8
974,대곡,2022-01-08 12:00,10.8,7.1,3.7,4.8
974,대곡,2022-01-08 13:00,10.9,7.1,3.7,4.8
974,대곡,2022-01-08 14:00,11.0,7.1,3.7,4.8
974,대곡,2022-01-08 15:00,11.1,7.1,3.7,4.8
974,대곡,2022-01-08 16:00,11.2,7.1,3.7,4.8
974,대곡,2022-01-08 17:00,11.2,7.1,3.7,4.8
974,대곡,2022-01-08 18:00,11.3,7.1,3.7,4.8
974,대곡,2022-01-08 19:00,11.3,7.1,3.7,4.8
974,대곡,2022-01-08 20:00,11.3,7.1,3.7,4.8
974,대곡,2022-01-08 21:00,11.3,7.1,3.7,4.8
974,대곡,2022-01-08 22:00,11.3,7.1,3.7,4.8
974,대곡,2022-01-08 23:00,11.3,7.1,3.7,4.8
974,대곡,2022-01-09 00:00,11.3,7.1,3.7,4.8
974,대곡,2022-01-09 01:00,11.3,7.1,3.7,4.8
974,대곡,2022-01-09 02:00,11.3,7.1,3.7,4.8
974,대곡,2022-01-09 03:00,11.3,7.1,3.7,4.8
974,대곡,2022-01-09 04:00,11.3,7.1,3.7,4.8
974,대곡,2022-01-09 05:00,11.3,7.1,3.7,4.8
974,대곡,2022-01-09 06:00,11.2,7.1,3.7,4.8
974,대곡,2022-01-09 07:00,11.2,7.1,3.7,4.8
974,대곡,2022-01-09 08:00,11.1,7.1,3.7,4.8
974,대곡,2022-01-09 09:00,11.2,7.1,3.7,4.8
974,대곡,2022-01-09 10:00,11.2,7.1,3.7,4.8
974,대곡,2022-01-09 11:00,11.2,7.1,3.7,4.8
974,대곡,2022-01-09 12:00,11.2,7.1,3.7,4.8
974,대곡,2022-01-09 13:00,11.2,7.1,3.7,4.8
974,대곡,2022-01-09 14:00,11.3,7.1,3.7,4.8
974,대곡,2022-01-09 15:00,11.3,7.1,3.7,4.8
974,대곡,2022-01-09 16:00,11.3,7.1,3.7,4.8
974,대곡,2022-01-09 17:00,11.4,7.1,3.7,4.8
974,대곡,2022-01-09 18:00,11.4,7.1,3.7,4.8
974,대곡,2022-01-09 19:00,11.4,7.1,3.7,4.8
974,대곡,2022-01-09 20:00,11.4,7.2,3.7,4.8
974,대곡,2022-01-09 21:00,11.4,7.2,3.7,4.8
974,대곡,2022-01-09 22:00,11.4,7.2,3.7,4.8
974,대곡,2022-01-09 23:00,11.4,7.1,3.7,4.8
974,대곡,2022-01-10 00:00,11.4,7.1,3.7,4.8
974,대곡,2022-01-10 01:00,11.4,7.1,3.7,4.8
974,대곡,2022-01-10 02:00,11.3,7.1,3.7,4.8
974,대곡,2022-01-10 03:00,11.3,7.1,3.7,4.8
974,대곡,2022-01-10 04:00,11.3,7.1,3.7,4.8
974,대곡,2022-01-10 05:00,11.2,7.1,3.7,4.8
974,대곡,2022-01-10 06:00,11.1,7.1,3.7,4.8
974,대곡,2022-01-10 07:00,11.1,7.1,3.7,4.8
974,대곡,2022-01-10 08:00,11.1,7.1,3.7,4.8
974,대곡,2022-01-10 09:00,11.1,7.1,3.7,4.8
974,대곡,2022-01-10 10:00,11.1,7.1,3.7,4.8
974,대곡,2022-01-10 11:00,11.1,7.1,3.7,4.8
974,대곡,2022-01-10 12:00,11.1,7.1,3.7,4.8
974,대곡,2022-01-10 13:00,11.1,7.1,3.7,4.8
974,대곡,2022-01-10 14:00,11.2,7.1,3.7,4.8
974,대곡,2022-01-10 15:00,11.3,7.1,3.7,4.8
974,대곡,2022-01-10 16:00,11.3,7.1,3.7,4.8
974,대곡,2022-01-10 17:00,11.4,7.1,3.7,4.8
974,대곡,2022-01-10 18:00,11.4,7.1,3.7,4.8
974,대곡,2022-01-10 19:00,11.4,7.2,3.7,4.8
974,대곡,2022-01-10 20:00,11.4,7.2,3.7,4.8
974,대곡,2022-01-10 21:00,11.4,7.2,3.7,4.8
974,대곡,2022-01-10 22:00,11.4,7.2,3.7,4.8
974,대곡,2022-01-10 23:00,11.4,7.2,3.7,4.8
974,대곡,2022-01-11 01:00,11.4,7.2,3.7,4.8
974,대곡,2022-01-11 02:00,11.4,7.2,3.7,4.8
974,대곡,2022-01-11 03:00,11.4,7.2,3.7,4.8
974,대곡,2022-01-11 04:00,11.4,7.2,3.7,4.8
974,대곡,2022-01-11 05:00,11.5,7.2,3.7,4.8
974,대곡,2022-01-11 06:00,11.5,7.2,3.7,4.8
974,대곡,2022-01-11 07:00,11.5,7.2,3.7,4.8
974,대곡,2022-01-11 08:00,11.4,7.2,3.7,4.8
974,대곡,2022-01-11 09:00,11.4,7.2,3.7,4.8
974,대곡,2022-01-11 10:00,11.4,7.2,3.7,4.8
974,대곡,2022-01-11 11:00,11.5,7.2,3.7,4.8
974,대곡,2022-01-11 12:00,11.5,7.2,3.7,4.8
974,대곡,2022-01-11 13:00,11.5,7.2,3.7,4.8
974,대곡,2022-01-11 14:00,11.6,7.2,3.7,4.8
974,대곡,2022-01-11 15:00,11.6,7.2,3.7,4.8
974,대곡,2022-01-11 16:00,11.6,7.2,3.7,4.8
974,대곡,2022-01-11 17:00,11.6,7.2,3.7,4.8
974,대곡,2022-01-11 18:00,11.6,7.2,3.7,4.8
974,대곡,2022-01-11 19:00,11.6,7.2,3.7,4.8
974,대곡,2022-01-11 20:00,11.6,7.2,3.7,4.8
974,대곡,2022-01-11 21:00,11.6,7.2,3.7,4.8
974,대곡,2022-01-11 22:00,11.5,7.2,3.7,4.8
974,대곡,2022-01-11 23:00,11.5,7.2,3.7,4.8
974,대곡,2022-01-12 01:00,11.4,7.2,3.7,4.8
974,대곡,2022-01-12 02:00,11.4,7.2,3.7,4.8
974,대곡,2022-01-12 03:00,11.4,7.2,3.7,4.8
974,대곡,2022-01-12 04:00,11.3,7.1,3.7,4.8
974,대곡,2022-01-12 05:00,11.3,7.1,3.7,4.8
974,대곡,2022-01-12 06:00,11.2,7.1,3.7,4.8
974,대곡,2022-01-12 07:00,11.1,7.1,3.7,4.8
974,대곡,2022-01-12 08:00,11.1,7.1,3.7,4.8
974,대곡,2022-01-12 09:00,11.0,7.1,3.7,4.8
974,대곡,2022-01-12 10:00,11.1,7.1,3.7,4.8
974,대곡,2022-01-12 11:00,11.1,7.1,3.7,4.8
974,대곡,2022-01-12 12:00,11.1,7.1,3.7,4.8
974,대곡,2022-01-12 13:00,11.1,7.1,3.7,4.8
974,대곡,2022-01-12 14:00,11.1,7.1,3.7,4.8
974,대곡,2022-01-12 15:00,11.1,7.1,3.7,4.8
974,대곡,2022-01-12 16:00,11.1,7.1,3.7,4.8
974,대곡,2022-01-12 17:00,11.2,7.1,3.7,4.8
974,대곡,2022-01-12 18:00,11.1,7.1,3.7,4.8
974,대곡,2022-01-12 19:00,11.1,7.1,3.7,4.8
974,대곡,2022-01-12 20:00,11.1,7.1,3.7,4.8
974,대곡,2022-01-12 21:00,11.1,7.1,3.7,4.8
974,대곡,2022-01-12 22:00,11.1,7.1,3.7,4.8
974,대곡,2022-01-12 23:00,11.1,7.1,3.7,4.8
974,대곡,2022-01-13 00:00,11.1,7.1,3.7,4.8
974,대곡,2022-01-13 01:00,11.1,7.1,3.7,4.8
974,대곡,2022-01-13 02:00,11.1,7.1,3.7,4.8
974,대곡,2022-01-13 03:00,11.1,7.1,3.7,4.8
974,대곡,2022-01-13 04:00,11.1,7.1,3.7,4.8
974,대곡,2022-01-13 05:00,11.1,7.1,3.7,4.8
974,대곡,2022-01-13 06:00,11.1,7.1,3.7,4.8
974,대곡,2022-01-13 07:00,11.0,7.1,3.7,4.8
974,대곡,2022-01-13 08:00,10.9,7.1,3.7,4.8
974,대곡,2022-01-13 09:00,10.9,7.1,3.7,4.8
974,대곡,2022-01-13 10:00,10.9,7.1,3.7,4.8
974,대곡,2022-01-13 11:00,10.9,7.1,3.7,4.8
974,대곡,2022-01-13 12:00,10.9,7.1,3.7,4.8
974,대곡,2022-01-13 13:00,10.9,7.1,3.7,4.8
974,대곡,2022-01-13 14:00,10.9,7.1,3.7,4.8
974,대곡,2022-01-13 15:00,10.9,7.1,3.7,4.8
974,대곡,2022-01-13 16:00,10.9,7.1,3.7,4.8
974,대곡,2022-01-13 17:00,10.9,7.1,3.7,4.8
974,대곡,2022-01-13 18:00,10.9,7.1,3.7,4.8
974,대곡,2022-01-13 19:00,10.9,7.1,3.7,4.8
974,대곡,2022-01-13 20:00,10.9,7.1,3.7,4.8
974,대곡,2022-01-13 21:00,10.9,7.1,3.7,4.8
974,대곡,2022-01-13 22:00,10.9,7.1,3.7,4.8
974,대곡,2022-01-13 23:00,10.9,7.1,3.7,4.8
974,대곡,2022-01-14 00:00,10.9,7.1,3.7,4.8
974,대곡,2022-01-14 01:00,10.8,7.1,3.7,4.8
974,대곡,2022-01-14 02:00,10.8,7.1,3.6,4.8
974,대곡,2022-01-14 03:00,10.8,7.1,3.7,4.8
974,대곡,2022-01-14 04:00,10.7,7.1,3.7,4.8
974,대곡,2022-01-14 05:00,10.6,7.1,3.6,4.8
974,대곡,2022-01-14 06:00,10.5,7.1,3.6,4.8
974,대곡,2022-01-14 07:00,10.3,7.1,3.6,4.8
974,대곡,2022-01-14 08:00,9.8,7.1,3.6,4.8
974,대곡,2022-01-14 09:00,9.4,7.1,3.6,4.8
974,대곡,2022-01-14 10:00,9.8,7.1,3.6,4.8
974,대곡,2022-01-14 11:00,10.3,7.1,3.6,4.8
974,대곡,2022-01-14 12:00,10.4,7.1,3.6,4.8
974,대곡,2022-01-14 13:00,10.4,7.1,3.6,4.8
974,대곡,2022-01-14 14:00,10.5,7.1,3.6,4.8
974,대곡,2022-01-14 15:00,10.6,7.1,3.6,4.8
974,대곡,2022-01-14 16:00,10.7,7.1,3.6,4.7
974,대곡,2022-01-14 17:00,10.8,7.1,3.6,4.7
974,대곡,2022-01-14 18:00,10.8,7.1,3.6,4.7
974,대곡,2022-01-14 19:00,10.8,7.1,3.6,4.7
974,대곡,2022-01-14 20:00,10.8,7.1,3.6,4.7
974,대곡,2022-01-14 21:00,10.8,7.1,3.6,4.7
974,대곡,2022-01-14 22:00,10.8,7.1,3.6,4.7
974,대곡,2022-01-14 23:00,10.7,7.1,3.6,4.7
974,대곡,2022-01-15 00:00,10.7,7.1,3.6,4.7
974,대곡,2022-01-15 01:00,10.6,7.0,3.6,4.7
974,대곡,2022-01-15 02:00,10.6,7.0,3.6,4.7
974,대곡,2022-01-15 03:00,10.6,7.0,3.6,4.7
974,대곡,2022-01-15 04:00,10.6,7.0,3.6,4.7
974,대곡,2022-01-15 05:00,10.5,7.0,3.6,4.7
974,대곡,2022-01-15 06:00,10.4,7.0,3.6,4.7
974,대곡,2022-01-15 07:00,10.4,7.0,3.6,4.7
974,대곡,2022-01-15 08:00,10.2,7.0,3.6,4.7
974,대곡,2022-01-15 09:00,9.9,7.0,3.6,4.7
974,대곡,2022-01-15 10:00,10.2,7.0,3.6,4.7
974,대곡,2022-01-15 11:00,10.4,7.0,3.6,4.7
974,대곡,2022-01-15 12:00,10.4,7.0,3.6,4.7
974,대곡,2022-01-15 13:00,10.5,7.0,3.6,4.7
974,대곡,2022-01-15 14:00,10.6,7.0,3.6,4.7
974,대곡,2022-01-15 15:00,10.6,7.0,3.6,4.7
974,대곡,2022-01-15 16:00,10.6,7.0,3.6,4.7
974,대곡,2022-01-15 17:00,10.8,7.0,3.6,4.7
974,대곡,2022-01-15 18:00,10.8,7.0,3.6,4.7
974,대곡,2022-01-15 19:00,10.8,7.0,3.6,4.7
974,대곡,2022-01-15 20:00,10.8,7.0,3.6,4.7
974,대곡,2022-01-15 21:00,10.8,7.0,3.6,4.7
974,대곡,2022-01-15 22:00,10.8,7.0,3.6,4.7
974,대곡,2022-01-15 23:00,10.8,7.0,3.6,4.7
974,대곡,2022-01-16 00:00,10.8,7.0,3.6,4.7
974,대곡,2022-01-16 01:00,10.7,7.0,3.6,4.7
974,대곡,2022-01-16 02:00,10.7,7.0,3.6,4.7
974,대곡,2022-01-16 03:00,10.6,7.0,3.6,4.7
974,대곡,2022-01-16 04:00,10.6,7.0,3.6,4.7
974,대곡,2022-01-16 05:00,10.6,7.0,3.6,4.7
974,대곡,2022-01-16 06:00,10.6,7.0,3.6,4.7
974,대곡,2022-01-16 07:00,10.6,7.0,3.6,4.7
974,대곡,2022-01-16 08:00,10.5,7.0,3.6,4.7
974,대곡,2022-01-16 09:00,10.5,7.0,3.6,4.7
974,대곡,2022-01-16 10:00,10.6,7.0,3.6,4.7
974,대곡,2022-01-16 11:00,10.6,7.0,3.6,4.7
974,대곡,2022-01-16 12:00,10.6,7.0,3.6,4.7
974,대곡,2022-01-16 13:00,10.7,7.0,3.6,4.7
974,대곡,2022-01-16 14:00,10.7,7.0,3.6,4.7
974,대곡,2022-01-16 15:00,10.7,7.0,3.6,4.7
974,대곡,2022-01-16 16:00,10.8,7.0,3.6,4.7
974,대곡,2022-01-16 17:00,10.8,7.0,3.6,4.7
974,대곡,2022-01-16 18:00,10.8,7.0,3.6,4.7
974,대곡,2022-01-16 19:00,10.8,7.0,3.6,4.7
974,대곡,2022-01-16 20:00,10.8,7.0,3.6,4.7
974,대곡,2022-01-16 21:00,10.8,7.0,3.6,4.7
974,대곡,2022-01-16 22:00,10.8,7.0,3.6,4.7
974,대곡,2022-01-16 23:00,10.8,7.0,3.6,4.7
974,대곡,2022-01-17 00:00,10.8,7.0,3.6,4.7
974,대곡,2022-01-17 01:00,10.8,7.0,3.6,4.7
974,대곡,2022-01-17 02:00,10.8,7.0,3.6,4.7
974,대곡,2022-01-17 03:00,10.8,7.0,3.6,4.7
974,대곡,2022-01-17 04:00,10.8,7.0,3.6,4.7
974,대곡,2022-01-17 05:00,10.8,7.0,3.6,4.7
974,대곡,2022-01-17 06:00,10.8,7.0,3.6,4.7
974,대곡,2022-01-17 07:00,10.7,7.0,3.6,4.7
974,대곡,2022-01-17 08:00,10.7,7.0,3.6,4.7
974,대곡,2022-01-17 09:00,10.6,7.0,3.6,4.7
974,대곡,2022-01-17 10:00,10.7,7.0,3.6,4.7
974,대곡,2022-01-17 11:00,10.8,7.0,3.6,4.7
974,대곡,2022-01-17 12:00,10.8,7.0,3.6,4.7
974,대곡,2022-01-17 13:00,10.8,7.0,3.6,4.7
974,대곡,2022-01-17 14:00,10.8,7.0,3.6,4.7
974,대곡,2022-01-17 15:00,10.8,7.0,3.6,4.7
974,대곡,2022-01-17 16:00,10.8,7.0,3.6,4.7
974,대곡,2022-01-17 17:00,10.8,7.0,3.6,4.7
974,대곡,2022-01-17 18:00,10.8,7.0,3.6,4.7
974,대곡,2022-01-17 19:00,10.8,7.0,3.6,4.7
974,대곡,2022-01-17 20:00,10.8,7.0,3.6,4.7
974,대곡,2022-01-17 21:00,10.8,7.0,3.6,4.7
974,대곡,2022-01-17 22:00,10.8,7.0,3.6,4.7
974,대곡,2022-01-17 23:00,10.8,7.0,3.6,4.7
974,대곡,2022-01-18 00:00,10.8,7.0,3.6,4.7
974,대곡,2022-01-18 01:00,10.8,7.0,3.6,4.7
974,대곡,2022-01-18 02:00,10.8,7.0,3.6,4.7
974,대곡,2022-01-18 03:00,10.8,7.0,3.6,4.7
974,대곡,2022-01-18 04:00,10.8,7.0,3.6,4.7
974,대곡,2022-01-18 05:00,10.8,7.0,3.6,4.7
974,대곡,2022-01-18 06:00,10.8,7.0,3.6,4.7
974,대곡,2022-01-18 07:00,10.8,7.0,3.6,4.7
974,대곡,2022-01-18 08:00,10.8,7.0,3.6,4.7
974,대곡,2022-01-18 09:00,10.8,7.0,3.6,4.7
974,대곡,2022-01-18 10:00,10.8,7.0,3.6,4.7
974,대곡,2022-01-18 11:00,10.8,7.0,3.6,4.7
974,대곡,2022-01-18 12:00,10.8,7.0,3.6,4.7
974,대곡,2022-01-18 13:00,10.8,7.0,3.6,4.7
974,대곡,2022-01-18 14:00,10.8,7.0,3.6,4.7
974,대곡,2022-01-18 15:00,10.8,7.0,3.6,4.7
974,대곡,2022-01-18 16:00,10.9,7.0,3.6,4.7
974,대곡,2022-01-18 17:00,10.9,7.0,3.6,4.7
974,대곡,2022-01-18 18:00,10.9,7.0,3.6,4.7
974,대곡,2022-01-18 19:00,10.9,7.0,3.6,4.7
974,대곡,2022-01-18 20:00,10.9,7.0,3.6,4.7
974,대곡,2022-01-18 21:00,10.9,7.0,3.6,4.7
974,대곡,2022-01-18 22:00,10.8,7.0,3.6,4.7
974,대곡,2022-01-18 23:00,10.7,7.0,3.6,4.7
974,대곡,2022-01-19 00:00,10.6,7.0,3.6,4.7
974,대곡,2022-01-19 01:00,10.5,7.0,3.6,4.7
974,대곡,2022-01-19 02:00,10.3,7.0,3.6,4.7
974,대곡,2022-01-19 03:00,10.1,7.0,3.6,4.7
974,대곡,2022-01-19 04:00,9.6,6.9,3.6,4.7
974,대곡,2022-01-19 05:00,9.1,6.9,3.6,4.7
974,대곡,2022-01-19 06:00,8.9,6.9,3.6,4.7
974,대곡,2022-01-19 07:00,8.6,6.9,3.6,4.7
974,대곡,2022-01-19 08:00,8.3,6.9,3.6,4.7
974,대곡,2022-01-19 09:00,8.1,6.8,3.6,4.7
974,대곡,2022-01-19 10:00,8.2,6.8,3.6,4.7
974,대곡,2022-01-19 11:00,8.5,6.9,3.6,4.7
974,대곡,2022-01-19 12:00,9.0,6.9,3.6,4.7
974,대곡,2022-01-19 13:00,9.4,6.9,3.6,4.7
974,대곡,2022-01-19 14:00,9.8,6.9,3.6,4.7
974,대곡,2022-01-19 15:00,10.0,6.9,3.6,4.7
974,대곡,2022-01-19 16:00,10.2,6.9,3.6,4.7
974,대곡,2022-01-19 17:00,10.3,6.9,3.6,4.7
974,대곡,2022-01-19 18:00,10.3,6.9,3.6,4.7
974,대곡,2022-01-19 19:00,10.3,6.9,3.6,4.7
974,대곡,2022-01-19 20:00,10.3,6.9,3.6,4.7
974,대곡,2022-01-19 21:00,10.4,6.9,3.6,4.7
974,대곡,2022-01-19 22:00,10.4,6.9,3.6,4.7
974,대곡,2022-01-19 23:00,10.4,6.9,3.6,4.7
974,대곡,2022-01-20 01:00,10.4,6.9,3.6,4.7
974,대곡,2022-01-20 02:00,10.4,6.9,3.6,4.7
974,대곡,2022-01-20 03:00,10.4,6.9,3.6,4.7
974,대곡,2022-01-20 04:00,10.4,6.9,3.6,4.7
974,대곡,2022-01-20 05:00,10.4,6.9,3.6,4.7
974,대곡,2022-01-20 06:00,10.3,6.9,3.6,4.7
974,대곡,2022-01-20 07:00,10.3,6.9,3.6,4.7
974,대곡,2022-01-20 08:00,9.9,6.9,3.6,4.7
974,대곡,2022-01-20 09:00,9.8,6.9,3.6,4.7
974,대곡,2022-01-20 10:00,10.3,6.9,3.6,4.7
974,대곡,2022-01-20 11:00,10.4,6.9,3.6,4.7
974,대곡,2022-01-20 12:00,10.4,6.9,3.6,4.7
974,대곡,2022-01-20 13:00,10.4,6.9,3.6,4.7
974,대곡,2022-01-20 14:00,10.4,6.9,3.6,4.7
974,대곡,2022-01-20 15:00,10.4,6.9,3.6,4.7
974,대곡,2022-01-20 16:00,10.5,6.9,3.6,4.7
974,대곡,2022-01-20 17:00,10.5,6.9,3.6,4.7
974,대곡,2022-01-20 18:00,10.6,6.9,3.6,4.7
974,대곡,2022-01-20 19:00,10.6,6.9,3.6,4.7
974,대곡,2022-01-20 20:00,10.6,6.9,3.6,4.7
974,대곡,2022-01-20 21:00,10.5,6.9,3.6,4.7
974,대곡,2022-01-20 22:00,10.5,6.9,3.6,4.7
974,대곡,2022-01-20 23:00,10.4,6.9,3.6,4.7
974,대곡,2022-01-21 00:00,10.3,6.9,3.6,4.7
974,대곡,2022-01-21 01:00,10.2,6.9,3.6,4.7
974,대곡,2022-01-21 02:00,9.8,6.9,3.6,4.7
974,대곡,2022-01-21 03:00,9.4,6.9,3.6,4.7
974,대곡,2022-01-21 04:00,9.1,6.9,3.6,4.7
974,대곡,2022-01-21 05:00,8.9,6.8,3.6,4.7
974,대곡,2022-01-21 06:00,8.6,6.8,3.6,4.7
974,대곡,2022-01-21 07:00,8.4,6.8,3.6,4.7
974,대곡,2022-01-21 08:00,8.2,6.8,3.6,4.7
974,대곡,2022-01-21 09:00,8.0,6.8,3.6,4.7
974,대곡,2022-01-21 10:00,8.3,6.8,3.6,4.7
974,대곡,2022-01-21 11:00,8.8,6.8,3.6,4.7
974,대곡,2022-01-21 12:00,9.4,6.8,3.6,4.7
974,대곡,2022-01-21 13:00,9.8,6.8,3.6,4.7
974,대곡,2022-01-21 14:00,9.9,6.8,3.6,4.7
974,대곡,2022-01-21 15:00,10.1,6.8,3.6,4.7
974,대곡,2022-01-21 16:00,10.1,6.8,3.6,4.7
974,대곡,2022-01-21 17:00,10.2,6.8,3.6,4.7
974,대곡,2022-01-21 18:00,10.3,6.8,3.6,4.7
974,대곡,2022-01-21 19:00,10.3,6.8,3.6,4.7
974,대곡,2022-01-21 20:00,10.3,6.8,3.6,4.7
974,대곡,2022-01-21 21:00,10.3,6.8,3.6,4.7
974,대곡,2022-01-21 22:00,10.2,6.8,3.6,4.7
974,대곡,2022-01-21 23:00,10.1,6.8,3.6,4.7
974,대곡,2022-01-22 01:00,9.7,6.8,3.6,4.7
974,대곡,2022-01-22 02:00,9.6,6.8,3.6,4.7
974,대곡,2022-01-22 03:00,9.5,6.8,3.6,4.7
974,대곡,2022-01-22 04:00,9.4,6.8,3.6,4.7
974,대곡,2022-01-22 05:00,9.4,6.8,3.6,4.7
974,대곡,2022-01-22 06:00,9.3,6.8,3.6,4.7
974,대곡,2022-01-22 07:00,9.1,6.8,3.6,4.7
974,대곡,2022-01-22 08:00,8.9,6.8,3.6,4.7
974,대곡,2022-01-22 09:00,9.0,6.8,3.6,4.7
974,대곡,2022-01-22 10:00,9.3,6.8,3.6,4.7
974,대곡,2022-01-22 11:00,9.6,6.8,3.6,4.7
974,대곡,2022-01-22 12:00,9.9,6.8,3.6,4.7
974,대곡,2022-01-22 13:00,10.0,6.8,3.6,4.7
974,대곡,2022-01-22 14:00,10.1,6.8,3.6,4.7
974,대곡,2022-01-22 15:00,10.1,6.8,3.6,4.7
974,대곡,2022-01-22 16:00,10.2,6.8,3.6,4.7
974,대곡,2022-01-22 17:00,10.3,6.8,3.6,4.7
974,대곡,2022-01-22 18:00,10.3,6.8,3.6,4.7
974,대곡,2022-01-22 19:00,10.3,6.8,3.6,4.7
974,대곡,2022-01-22 20:00,10.4,6.8,3.6,4.7
974,대곡,2022-01-22 21:00,10.4,6.8,3.6,4.7
974,대곡,2022-01-22 22:00,10.4,6.8,3.6,4.7
974,대곡,2022-01-22 23:00,10.4,6.8,3.6,4.7
974,대곡,2022-01-23 00:00,10.4,6.8,3.6,4.7
974,대곡,2022-01-23 01:00,10.4,6.8,3.6,4.7
974,대곡,2022-01-23 02:00,10.4,6.8,3.6,4.7
974,대곡,2022-01-23 03:00,10.5,6.8,3.6,4.7
974,대곡,2022-01-23 04:00,10.5,6.8,3.6,4.7
974,대곡,2022-01-23 05:00,10.5,6.8,3.6,4.7
974,대곡,2022-01-23 06:00,10.5,6.8,3.6,4.7
974,대곡,2022-01-23 07:00,10.5,6.8,3.6,4.7
974,대곡,2022-01-23 08:00,10.5,6.8,3.6,4.7
974,대곡,2022-01-23 09:00,10.6,6.8,3.6,4.7
974,대곡,2022-01-23 10:00,10.6,6.8,3.6,4.7
974,대곡,2022-01-23 11:00,10.6,6.8,3.6,4.7
974,대곡,2022-01-23 12:00,10.6,6.8,3.6,4.7
974,대곡,2022-01-23 13:00,10.7,6.9,3.6,4.7
974,대곡,2022-01-23 14:00,10.8,6.9,3.6,4.7
974,대곡,2022-01-23 15:00,10.8,6.9,3.6,4.7
974,대곡,2022-01-23 16:00,10.9,6.9,3.6,4.7
974,대곡,2022-01-23 17:00,10.9,6.9,3.6,4.7
974,대곡,2022-01-23 18:00,10.9,6.9,3.6,4.7
974,대곡,2022-01-23 19:00,11.0,6.9,3.6,4.7
974,대곡,2022-01-23 20:00,11.0,6.9,3.6,4.7
974,대곡,2022-01-23 21:00,11.0,6.9,3.6,4.7
974,대곡,2022-01-23 22:00,11.0,6.9,3.6,4.7
974,대곡,2022-01-23 23:00,11.1,6.9,3.6,4.7
974,대곡,2022-01-24 01:00,11.1,6.9,3.6,4.7
974,대곡,2022-01-24 02:00,11.1,6.9,3.6,4.7
974,대곡,2022-01-24 03:00,11.1,6.9,3.6,4.7
974,대곡,2022-01-24 04:00,11.1,6.9,3.6,4.7
974,대곡,2022-01-24 05:00,11.1,6.9,3.6,4.7
974,대곡,2022-01-24 06:00,11.0,6.9,3.6,4.7
974,대곡,2022-01-24 07:00,11.0,6.9,3.6,4.7
974,대곡,2022-01-24 08:00,11.1,6.9,3.6,4.7
974,대곡,2022-01-24 09:00,11.1,6.9,3.6,4.7
974,대곡,2022-01-24 10:00,11.1,6.9,3.6,4.7
974,대곡,2022-01-24 11:00,11.1,6.9,3.6,4.7
974,대곡,2022-01-24 12:00,11.1,6.9,3.6,4.7
974,대곡,2022-01-24 13:00,11.1,7.0,3.6,4.7
974,대곡,2022-01-24 14:00,11.1,7.0,3.6,4.7
974,대곡,2022-01-24 15:00,11.1,7.0,3.6,4.7
974,대곡,2022-01-24 16:00,11.1,7.0,3.6,4.7
974,대곡,2022-01-24 17:00,11.1,7.0,3.6,4.7
974,대곡,2022-01-24 18:00,11.2,7.0,3.6,4.7
974,대곡,2022-01-24 19:00,11.2,7.0,3.6,4.7
974,대곡,2022-01-24 20:00,11.2,7.0,3.6,4.7
974,대곡,2022-01-24 21:00,11.2,7.0,3.6,4.7
974,대곡,2022-01-24 22:00,11.2,7.0,3.6,4.7
974,대곡,2022-01-24 23:00,11.2,7.0,3.6,4.7
974,대곡,2022-01-25 01:00,11.2,7.0,3.6,4.7
974,대곡,2022-01-25 02:00,11.2,7.0,3.6,4.7
974,대곡,2022-01-25 03:00,11.2,7.0,3.6,4.7
974,대곡,2022-01-25 04:00,11.1,7.0,3.6,4.7
974,대곡,2022-01-25 05:00,11.1,7.0,3.6,4.7
974,대곡,2022-01-25 06:00,11.1,7.0,3.6,4.7
974,대곡,2022-01-25 07:00,11.1,7.0,3.6,4.7
974,대곡,2022-01-25 08:00,11.1,7.0,3.6,4.7
974,대곡,2022-01-25 09:00,11.1,7.0,3.6,4.7
974,대곡,2022-01-25 10:00,11.2,7.0,3.6,4.7
974,대곡,2022-01-25 11:00,11.2,7.0,3.6,4.7
974,대곡,2022-01-25 12:00,11.3,7.0,3.6,4.7
974,대곡,2022-01-25 13:00,11.3,7.0,3.6,4.7
974,대곡,2022-01-25 14:00,11.2,7.0,3.6,4.7
974,대곡,2022-01-25 15:00,11.2,7.0,3.6,4.7
974,대곡,2022-01-25 16:00,11.1,7.0,3.6,4.7
974,대곡,2022-01-25 17:00,11.1,7.0,3.6,4.7
974,대곡,2022-01-25 18:00,11.1,7.0,3.6,4.7
974,대곡,2022-01-25 19:00,11.1,7.0,3.6,4.7
974,대곡,2022-01-25 20:00,11.1,7.0,3.6,4.7
974,대곡,2022-01-25 21:00,11.2,7.0,3.6,4.7
974,대곡,2022-01-25 22:00,11.2,7.0,3.6,4.7
974,대곡,2022-01-25 23:00,11.2,7.0,3.6,4.7
974,대곡,2022-01-26 00:00,11.2,7.0,3.6,4.7
974,대곡,2022-01-26 01:00,11.2,7.0,3.6,4.7
974,대곡,2022-01-26 02:00,11.1,7.0,3.6,4.7
974,대곡,2022-01-26 03:00,11.1,7.0,3.6,4.7
974,대곡,2022-01-26 04:00,11.1,7.0,3.6,4.7
974,대곡,2022-01-26 05:00,11.1,7.0,3.6,4.7
974,대곡,2022-01-26 06:00,11.1,7.0,3.6,4.7
974,대곡,2022-01-26 07:00,11.1,7.0,3.6,4.7
974,대곡,2022-01-26 08:00,11.1,6.9,3.6,4.7
974,대곡,2022-01-26 09:00,11.1,6.9,3.6,4.7
974,대곡,2022-01-26 10:00,11.1,6.9,3.6,4.7
974,대곡,2022-01-26 11:00,11.1,6.9,3.6,4.7
974,대곡,2022-01-26 12:00,11.1,6.9,3.6,4.7
974,대곡,2022-01-26 13:00,11.2,6.9,3.6,4.7
974,대곡,2022-01-26 14:00,11.3,7.0,3.6,4.7
974,대곡,2022-01-26 15:00,11.2,7.0,3.6,4.7
974,대곡,2022-01-26 16:00,11.2,7.0,3.6,4.7
974,대곡,2022-01-26 17:00,11.2,7.0,3.6,4.7
974,대곡,2022-01-26 18:00,11.2,7.0,3.6,4.7
974,대곡,2022-01-26 19:00,11.3,7.0,3.6,4.7
974,대곡,2022-01-26 20:00,11.3,7.0,3.6,4.7
974,대곡,2022-01-26 21:00,11.3,7.0,3.6,4.7
974,대곡,2022-01-26 22:00,11.3,7.0,3.6,4.7
974,대곡,2022-01-26 23:00,11.3,7.0,3.6,4.7
974,대곡,2022-01-27 00:00,11.3,7.0,3.6,4.7
974,대곡,2022-01-27 01:00,11.3,7.0,3.6,4.7
974,대곡,2022-01-27 02:00,11.3,7.0,3.6,4.7
974,대곡,2022-01-27 03:00,11.3,7.0,3.6,4.7
974,대곡,2022-01-27 04:00,11.2,7.0,3.6,4.7
974,대곡,2022-01-27 05:00,11.2,7.0,3.6,4.7
974,대곡,2022-01-27 06:00,11.1,7.0,3.6,4.7
974,대곡,2022-01-27 07:00,11.1,7.0,3.6,4.7
974,대곡,2022-01-27 08:00,11.1,7.0,3.6,4.7
974,대곡,2022-01-27 09:00,11.1,6.9,3.6,4.7
974,대곡,2022-01-27 10:00,11.1,6.9,3.6,4.7
974,대곡,2022-01-27 11:00,11.1,7.0,3.6,4.7
974,대곡,2022-01-27 12:00,11.2,7.0,3.6,4.7
974,대곡,2022-01-27 13:00,11.3,7.0,3.6,4.7
974,대곡,2022-01-27 14:00,11.3,7.0,3.6,4.7
974,대곡,2022-01-27 15:00,11.3,7.0,3.6,4.7
974,대곡,2022-01-27 16:00,11.3,7.0,3.6,4.7
974,대곡,2022-01-27 17:00,11.3,7.0,3.6,4.7
974,대곡,2022-01-27 18:00,11.3,7.0,3.6,4.7
974,대곡,2022-01-27 19:00,11.3,7.0,3.6,4.7
974,대곡,2022-01-27 20:00,11.3,7.0,3.6,4.7
974,대곡,2022-01-27 21:00,11.4,7.0,3.6,4.7
974,대곡,2022-01-27 22:00,11.4,7.0,3.6,4.7
974,대곡,2022-01-27 23:00,11.4,7.0,3.6,4.7
974,대곡,2022-01-28 01:00,11.4,7.0,3.6,4.7
974,대곡,2022-01-28 02:00,11.4,7.0,3.6,4.7
974,대곡,2022-01-28 03:00,11.4,7.0,3.6,4.7
974,대곡,2022-01-28 04:00,11.4,7.0,3.6,4.7
974,대곡,2022-01-28 05:00,11.4,7.0,3.6,4.7
974,대곡,2022-01-28 06:00,11.3,7.0,3.6,4.7
974,대곡,2022-01-28 07:00,11.3,7.0,3.6,4.7
974,대곡,2022-01-28 08:00,11.3,7.0,3.6,4.7
974,대곡,2022-01-28 09:00,11.3,7.0,3.6,4.7
974,대곡,2022-01-28 10:00,11.3,7.0,3.6,4.7
974,대곡,2022-01-28 11:00,11.3,7.0,3.6,4.7
974,대곡,2022-01-28 12:00,11.3,7.0,3.6,4.7
974,대곡,2022-01-28 13:00,11.4,7.0,3.6,4.7
974,대곡,2022-01-28 14:00,11.4,7.0,3.6,4.7
974,대곡,2022-01-28 15:00,11.4,7.0,3.6,4.7
974,대곡,2022-01-28 16:00,11.3,7.0,3.6,4.7
974,대곡,2022-01-28 17:00,11.3,7.0,3.6,4.7
974,대곡,2022-01-28 18:00,11.3,7.0,3.6,4.7
974,대곡,2022-01-28 19:00,11.3,7.0,3.6,4.7
974,대곡,2022-01-28 20:00,11.3,7.0,3.6,4.7
974,대곡,2022-01-28 21:00,11.3,7.0,3.6,4.7
974,대곡,2022-01-28 22:00,11.4,7.0,3.6,4.7
974,대곡,2022-01-28 23:00,11.4,7.0,3.7,4.7
974,대곡,2022-01-29 00:00,11.4,7.0,3.7,4.7
974,대곡,2022-01-29 01:00,11.4,7.0,3.7,4.7
974,대곡,2022-01-29 02:00,11.4,7.0,3.7,4.7
974,대곡,2022-01-29 03:00,11.4,7.0,3.7,4.7
974,대곡,2022-01-29 04:00,11.4,7.0,3.6,4.7
974,대곡,2022-01-29 05:00,11.4,7.0,3.6,4.7
974,대곡,2022-01-29 06:00,11.4,7.0,3.6,4.7
974,대곡,2022-01-29 07:00,11.4,7.0,3.6,4.7
974,대곡,2022-01-29 08:00,11.4,7.0,3.6,4.7
974,대곡,2022-01-29 09:00,11.3,7.0,3.6,4.7
974,대곡,2022-01-29 10:00,11.3,7.0,3.6,4.7
974,대곡,2022-01-29 11:00,11.3,7.0,3.6,4.7
974,대곡,2022-01-29 12:00,11.3,7.0,3.6,4.7
974,대곡,2022-01-29 13:00,11.4,7.0,3.6,4.7
974,대곡,2022-01-29 14:00,11.4,7.0,3.6,4.7
974,대곡,2022-01-29 15:00,11.3,7.0,3.6,4.7
974,대곡,2022-01-29 16:00,11.3,7.0,3.6,4.7
974,대곡,2022-01-29 17:00,11.2,7.0,3.6,4.7
974,대곡,2022-01-29 18:00,11.2,7.0,3.6,4.7
974,대곡,2022-01-29 19:00,11.3,7.0,3.6,4.7
974,대곡,2022-01-29 20:00,11.3,7.0,3.7,4.7
974,대곡,2022-01-29 21:00,11.3,7.0,3.7,4.7
974,대곡,2022-01-29 22:00,11.3,7.0,3.7,4.7
974,대곡,2022-01-29 23:00,11.3,7.0,3.7,4.7
974,대곡,2022-01-30 00:00,11.3,7.0,3.7,4.7
974,대곡,2022-01-30 01:00,11.3,7.0,3.7,4.7
974,대곡,2022-01-30 02:00,11.3,7.0,3.7,4.7
974,대곡,2022-01-30 03:00,11.3,7.0,3.7,4.7
974,대곡,2022-01-30 04:00,11.3,7.0,3.7,4.7
974,대곡,2022-01-30 05:00,11.3,7.0,3.7,4.7
974,대곡,2022-01-30 06:00,11.2,7.0,3.6,4.7
974,대곡,2022-01-30 07:00,11.1,7.0,3.6,4.7
974,대곡,2022-01-30 08:00,11.1,7.0,3.6,4.7
974,대곡,2022-01-30 09:00,11.1,7.0,3.6,4.7
974,대곡,2022-01-30 10:00,11.1,7.0,3.6,4.7
974,대곡,2022-01-30 11:00,11.1,7.0,3.6,4.7
974,대곡,2022-01-30 12:00,11.1,7.0,3.6,4.7
974,대곡,2022-01-30 13:00,11.2,7.0,3.6,4.7
974,대곡,2022-01-30 14:00,11.3,7.0,3.6,4.7
974,대곡,2022-01-30 15:00,11.3,7.0,3.6,4.7
974,대곡,2022-01-30 16:00,11.3,7.0,3.6,4.7
974,대곡,2022-01-30 17:00,11.3,7.0,3.6,4.7
974,대곡,2022-01-30 18:00,11.2,7.0,3.6,4.7
974,대곡,2022-01-30 19:00,11.2,7.0,3.6,4.7
974,대곡,2022-01-30 20:00,11.3,7.0,3.6,4.7
974,대곡,2022-01-30 21:00,11.3,7.0,3.6,4.7
974,대곡,2022-01-30 22:00,11.3,7.0,3.6,4.7
974,대곡,2022-01-30 23:00,11.3,7.0,3.6,4.7
974,대곡,2022-01-31 00:00,11.3,7.0,3.6,4.7
974,대곡,2022-01-31 01:00,11.3,7.0,3.6,4.7
974,대곡,2022-01-31 02:00,11.2,7.0,3.6,4.7
974,대곡,2022-01-31 03:00,11.1,7.0,3.6,4.7
974,대곡,2022-01-31 04:00,11.0,7.0,3.6,4.7
974,대곡,2022-01-31 05:00,10.9,7.0,3.6,4.7
974,대곡,2022-01-31 06:00,10.9,6.9,3.6,4.7
974,대곡,2022-01-31 07:00,10.8,6.9,3.6,4.7
974,대곡,2022-01-31 08:00,10.8,6.9,3.6,4.7
974,대곡,2022-01-31 09:00,10.8,6.9,3.6,4.7
974,대곡,2022-01-31 10:00,10.8,6.9,3.6,4.7
974,대곡,2022-01-31 11:00,10.8,6.9,3.6,4.7
974,대곡,2022-01-31 12:00,10.9,6.9,3.6,4.7
974,대곡,2022-01-31 13:00,10.9,6.9,3.6,4.7
974,대곡,2022-01-31 14:00,10.9,6.9,3.6,4.7
974,대곡,2022-01-31 15:00,11.0,6.9,3.6,4.7
974,대곡,2022-01-31 16:00,11.1,6.9,3.6,4.7
974,대곡,2022-01-31 17:00,11.1,6.9,3.6,4.7
974,대곡,2022-01-31 18:00,11.1,6.9,3.6,4.7
974,대곡,2022-01-31 19:00,11.1,7.0,3.6,4.7
974,대곡,2022-01-31 20:00,11.1,7.0,3.6,4.7
974,대곡,2022-01-31 21:00,11.2,7.0,3.6,4.7
974,대곡,2022-01-31 22:00,11.2,7.0,3.6,4.7
974,대곡,2022-01-31 23:00,11.1,7.0,3.6,4.7
974,대곡,2022-02-01 00:00,11.1,7.0,3.6,4.7
974,대곡,2022-02-01 01:00,11.1,6.9,3.6,4.7
974,대곡,2022-02-01 02:00,11.1,6.9,3.6,4.7
974,대곡,2022-02-01 03:00,11.0,6.9,3.6,4.7
974,대곡,2022-02-01 04:00,11.0,6.9,3.6,4.7
974,대곡,2022-02-01 05:00,10.9,6.9,3.6,4.7
974,대곡,2022-02-01 06:00,10.9,6.9,3.6,4.7
974,대곡,2022-02-01 07:00,10.9,6.9,3.6,4.7
974,대곡,2022-02-01 08:00,10.8,6.9,3.6,4.7
974,대곡,2022-02-01 09:00,10.8,6.9,3.6,4.7
974,대곡,2022-02-01 10:00,10.8,6.9,3.6,4.7
974,대곡,2022-02-01 11:00,10.8,6.9,3.6,4.7
974,대곡,2022-02-01 12:00,10.8,6.9,3.6,4.7
974,대곡,2022-02-01 13:00,10.9,6.9,3.6,4.7
974,대곡,2022-02-01 14:00,10.9,6.9,3.6,4.7
974,대곡,2022-02-01 15:00,10.9,6.9,3.6,4.7
974,대곡,2022-02-01 16:00,11.0,6.9,3.6,4.7
974,대곡,2022-02-01 17:00,11.1,6.9,3.6,4.7
974,대곡,2022-02-01 18:00,11.1,6.9,3.6,4.7
974,대곡,2022-02-01 19:00,11.1,6.9,3.6,4.7
974,대곡,2022-02-01 20:00,11.1,6.9,3.6,4.7
974,대곡,2022-02-01 21:00,11.1,6.9,3.6,4.7
974,대곡,2022-02-01 22:00,11.1,6.9,3.6,4.7
974,대곡,2022-02-01 23:00,11.0,6.9,3.6,4.7
974,대곡,2022-02-02 01:00,10.9,6.9,3.6,4.7
974,대곡,2022-02-02 02:00,10.8,6.9,3.6,4.7
974,대곡,2022-02-02 03:00,10.8,6.9,3.6,4.7
974,대곡,2022-02-02 04:00,10.8,6.9,3.6,4.7
974,대곡,2022-02-02 05:00,10.7,6.9,3.6,4.7
974,대곡,2022-02-02 06:00,10.7,6.9,3.6,4.7
974,대곡,2022-02-02 07:00,10.6,6.8,3.6,4.7
974,대곡,2022-02-02 08:00,10.5,6.8,3.6,4.7
974,대곡,2022-02-02 09:00,10.5,6.8,3.6,4.7
974,대곡,2022-02-02 10:00,10.6,6.8,3.6,4.7
974,대곡,2022-02-02 11:00,10.6,6.8,3.6,4.7
974,대곡,2022-02-02 12:00,10.6,6.8,3.6,4.7
974,대곡,2022-02-02 13:00,10.6,6.8,3.6,4.7
974,대곡,2022-02-02 14:00,10.6,6.8,3.6,4.7
974,대곡,2022-02-02 15:00,10.7,6.8,3.6,4.7
974,대곡,2022-02-02 16:00,10.8,6.8,3.6,4.7
974,대곡,2022-02-02 17:00,10.8,6.9,3.6,4.7
974,대곡,2022-02-02 18:00,10.9,6.9,3.6,4.7
974,대곡,2022-02-02 19:00,10.9,6.9,3.6,4.7
974,대곡,2022-02-02 20:00,10.9,6.9,3.6,4.7
974,대곡,2022-02-02 21:00,10.9,6.9,3.6,4.7
974,대곡,2022-02-02 22:00,10.9,6.9,3.6,4.7
974,대곡,2022-02-02 23:00,10.8,6.9,3.6,4.7
974,대곡,2022-02-03 01:00,10.8,6.9,3.6,4.7
974,대곡,2022-02-03 02:00,10.8,6.9,3.6,4.7
974,대곡,2022-02-03 03:00,10.8,6.9,3.6,4.7
974,대곡,2022-02-03 04:00,10.7,6.9,3.6,4.7
974,대곡,2022-02-03 05:00,10.7,6.8,3.6,4.7
974,대곡,2022-02-03 06:00,10.6,6.8,3.6,4.7
974,대곡,2022-02-03 07:00,10.6,6.8,3.6,4.7
974,대곡,2022-02-03 08:00,10.5,6.8,3.6,4.7
974,대곡,2022-02-03 09:00,10.6,6.8,3.6,4.7
974,대곡,2022-02-03 10:00,10.6,6.8,3.6,4.7
974,대곡,2022-02-03 11:00,10.6,6.8,3.6,4.7
974,대곡,2022-02-03 12:00,10.6,6.8,3.6,4.7
974,대곡,2022-02-03 13:00,10.6,6.8,3.6,4.7
974,대곡,2022-02-03 14:00,10.8,6.8,3.6,4.7
974,대곡,2022-02-03 15:00,10.9,6.9,3.6,4.7
974,대곡,2022-02-03 16:00,10.9,6.9,3.6,4.7
974,대곡,2022-02-03 17:00,11.0,6.9,3.6,4.7
974,대곡,2022-02-03 18:00,11.0,6.9,3.6,4.7
974,대곡,2022-02-03 19:00,11.0,6.9,3.6,4.7
974,대곡,2022-02-03 20:00,11.0,6.9,3.6,4.7
974,대곡,2022-02-03 21:00,11.0,6.9,3.6,4.7
974,대곡,2022-02-03 22:00,11.0,6.9,3.6,4.7
974,대곡,2022-02-03 23:00,11.0,6.9,3.6,4.7
974,대곡,2022-02-04 00:00,11.0,6.9,3.6,4.7
974,대곡,2022-02-04 01:00,11.0,6.9,3.6,4.7
974,대곡,2022-02-04 02:00,10.9,6.9,3.6,4.7
974,대곡,2022-02-04 03:00,10.9,6.9,3.6,4.7
974,대곡,2022-02-04 04:00,10.9,6.9,3.6,4.7
974,대곡,2022-02-04 05:00,10.9,6.9,3.6,4.7
974,대곡,2022-02-04 06:00,10.8,6.9,3.6,4.7
974,대곡,2022-02-04 07:00,10.8,6.9,3.6,4.7
974,대곡,2022-02-04 08:00,10.7,6.9,3.6,4.7
974,대곡,2022-02-04 09:00,10.7,6.8,3.6,4.7
974,대곡,2022-02-04 10:00,10.7,6.8,3.6,4.7
974,대곡,2022-02-04 11:00,10.7,6.9,3.6,4.7
974,대곡,2022-02-04 12:00,10.7,6.9,3.6,4.7
974,대곡,2022-02-04 13:00,10.8,6.9,3.6,4.7
974,대곡,2022-02-04 14:00,10.8,6.9,3.6,4.7
974,대곡,2022-02-04 15:00,10.9,6.9,3.6,4.7
974,대곡,2022-02-04 16:00,10.9,6.9,3.6,4.7
974,대곡,2022-02-04 17:00,10.9,6.9,3.6,4.7
974,대곡,2022-02-04 18:00,10.9,6.9,3.6,4.7
974,대곡,2022-02-04 19:00,10.9,6.9,3.6,4.7
974,대곡,2022-02-04 20:00,11.0,6.9,3.6,4.7
974,대곡,2022-02-04 21:00,11.0,6.9,3.6,4.7
974,대곡,2022-02-04 22:00,11.0,6.9,3.6,4.7
974,대곡,2022-02-04 23:00,10.9,6.9,3.6,4.7
974,대곡,2022-02-05 00:00,10.9,6.9,3.6,4.7
974,대곡,2022-02-05 01:00,10.9,6.9,3.6,4.7
974,대곡,2022-02-05 02:00,10.9,6.9,3.6,4.7
974,대곡,2022-02-05 03:00,10.8,6.9,3.6,4.7
974,대곡,2022-02-05 04:00,10.8,6.9,3.6,4.7
974,대곡,2022-02-05 05:00,10.8,6.9,3.6,4.7
974,대곡,2022-02-05 06:00,10.7,6.9,3.6,4.7
974,대곡,2022-02-05 07:00,10.6,6.9,3.6,4.7
974,대곡,2022-02-05 08:00,10.6,6.8,3.6,4.7
974,대곡,2022-02-05 09:00,10.6,6.8,3.6,4.7
974,대곡,2022-02-05 10:00,10.6,6.8,3.6,4.7
974,대곡,2022-02-05 11:00,10.6,6.8,3.6,4.7
974,대곡,2022-02-05 12:00,10.6,6.8,3.6,4.7
974,대곡,2022-02-05 13:00,10.6,6.8,3.6,4.7
974,대곡,2022-02-05 14:00,10.7,6.8,3.6,4.7
974,대곡,2022-02-05 15:00,10.8,6.8,3.6,4.7
974,대곡,2022-02-05 16:00,10.8,6.8,3.6,4.7
974,대곡,2022-02-05 17:00,10.8,6.9,3.6,4.7
974,대곡,2022-02-05 18:00,10.8,6.9,3.6,4.7
974,대곡,2022-02-05 19:00,10.8,6.9,3.6,4.7
974,대곡,2022-02-05 20:00,10.8,6.9,3.6,4.7
974,대곡,2022-02-05 21:00,10.8,6.9,3.6,4.7
974,대곡,2022-02-05 22:00,10.7,6.9,3.6,4.7
974,대곡,2022-02-05 23:00,10.6,6.9,3.6,4.7
974,대곡,2022-02-06 00:00,10.6,6.9,3.6,4.7
974,대곡,2022-02-06 01:00,10.6,6.9,3.6,4.7
974,대곡,2022-02-06 02:00,10.5,6.8,3.6,4.7
974,대곡,2022-02-06 03:00,10.4,6.8,3.6,4.7
974,대곡,2022-02-06 04:00,10.4,6.8,3.6,4.7
974,대곡,2022-02-06 05:00,10.4,6.8,3.6,4.7
974,대곡,2022-02-06 06:00,10.4,6.8,3.6,4.7
974,대곡,2022-02-06 07:00,10.3,6.8,3.6,4.7
974,대곡,2022-02-06 08:00,10.2,6.8,3.6,4.7
974,대곡,2022-02-06 09:00,10.2,6.8,3.6,4.7
974,대곡,2022-02-06 10:00,10.3,6.8,3.6,4.7
974,대곡,2022-02-06 11:00,10.3,6.8,3.6,4.7
974,대곡,2022-02-06 12:00,10.3,6.8,3.6,4.7
974,대곡,2022-02-06 13:00,10.3,6.8,3.6,4.7
974,대곡,2022-02-06 14:00,10.3,6.8,3.6,4.7
974,대곡,2022-02-06 15:00,10.4,6.8,3.6,4.7
974,대곡,2022-02-06 16:00,10.4,6.8,3.6,4.7
974,대곡,2022-02-06 17:00,10.5,6.8,3.6,4.7
974,대곡,2022-02-06 18:00,10.5,6.8,3.6,4.7
974,대곡,2022-02-06 19:00,10.6,6.8,3.6,4.7
974,대곡,2022-02-06 20:00,10.5,6.8,3.6,4.7
974,대곡,2022-02-06 21:00,10.5,6.8,3.6,4.7
974,대곡,2022-02-06 22:00,10.5,6.8,3.6,4.7
974,대곡,2022-02-06 23:00,10.4,6.8,3.6,4.7
974,대곡,2022-02-07 00:00,10.4,6.8,3.6,4.7
974,대곡,2022-02-07 01:00,10.4,6.8,3.6,4.7
974,대곡,2022-02-07 02:00,10.3,6.8,3.6,4.7
974,대곡,2022-02-07 03:00,10.3,6.8,3.6,4.7
974,대곡,2022-02-07 04:00,10.2,6.8,3.6,4.7
974,대곡,2022-02-07 05:00,10.2,6.8,3.6,4.7
974,대곡,2022-02-07 06:00,10.1,6.8,3.6,4.7
974,대곡,2022-02-07 07:00,10.1,6.8,3.6,4.7
974,대곡,2022-02-07 08:00,10.1,6.8,3.6,4.7
974,대곡,2022-02-07 09:00,10.1,6.8,3.6,4.7
974,대곡,2022-02-07 10:00,10.1,6.8,3.6,4.7
974,대곡,2022-02-07 11:00,10.1,6.8,3.6,4.7
974,대곡,2022-02-07 12:00,10.2,6.8,3.6,4.7
974,대곡,2022-02-07 13:00,10.2,6.8,3.6,4.7
974,대곡,2022-02-07 14:00,10.3,6.8,3.6,4.7
974,대곡,2022-02-07 15:00,10.3,6.8,3.6,4.7
974,대곡,2022-02-07 16:00,10.3,6.8,3.6,4.7
974,대곡,2022-02-07 17:00,10.4,6.8,3.6,4.7
974,대곡,2022-02-07 18:00,10.4,6.8,3.6,4.7
974,대곡,2022-02-07 19:00,10.4,6.8,3.6,4.7
974,대곡,2022-02-07 20:00,10.4,6.8,3.6,4.7
974,대곡,2022-02-07 21:00,10.4,6.8,3.6,4.7
974,대곡,2022-02-07 22:00,10.4,6.8,3.6,4.7
974,대곡,2022-02-07 23:00,10.4,6.8,3.6,4.7
974,대곡,2022-02-08 00:00,10.4,6.8,3.6,4.7
974,대곡,2022-02-08 01:00,10.4,6.8,3.6,4.7
974,대곡,2022-02-08 02:00,10.4,6.8,3.6,4.7
974,대곡,2022-02-08 03:00,10.3,6.8,3.6,4.7
974,대곡,2022-02-08 04:00,10.3,6.8,3.6,4.7
974,대곡,2022-02-08 05:00,10.3,6.8,3.6,4.7
974,대곡,2022-02-08 06:00,10.3,6.8,3.6,4.7
974,대곡,2022-02-08 07:00,10.3,6.8,3.6,4.7
974,대곡,2022-02-08 08:00,10.2,6.8,3.6,4.7
974,대곡,2022-02-08 09:00,10.2,6.8,3.6,4.7
974,대곡,2022-02-08 10:00,10.2,6.8,3.6,4.7
974,대곡,2022-02-08 11:00,10.2,6.8,3.6,4.7
974,대곡,2022-02-08 12:00,10.3,6.8,3.6,4.7
974,대곡,2022-02-08 13:00,10.3,6.8,3.6,4.7
974,대곡,2022-02-08 14:00,10.4,6.8,3.6,4.7
974,대곡,2022-02-08 15:00,10.4,6.8,3.6,4.7
974,대곡,2022-02-08 16:00,10.4,6.8,3.6,4.7
974,대곡,2022-02-08 17:00,10.5,6.8,3.6,4.7
974,대곡,2022-02-08 18:00,10.5,6.8,3.6,4.7
974,대곡,2022-02-08 19:00,10.5,6.9,3.6,4.7
974,대곡,2022-02-08 20:00,10.5,6.9,3.6,4.7
974,대곡,2022-02-08 21:00,10.6,6.9,3.6,4.7
974,대곡,2022-02-08 22:00,10.6,6.9,3.6,4.7
974,대곡,2022-02-08 23:00,10.6,6.9,3.6,4.7
974,대곡,2022-02-09 00:00,10.6,6.9,3.6,4.7
974,대곡,2022-02-09 01:00,10.6,6.9,3.6,4.7
974,대곡,2022-02-09 02:00,10.6,6.9,3.6,4.7
974,대곡,2022-02-09 03:00,10.4,6.9,3.6,4.7
974,대곡,2022-02-09 04:00,10.4,6.8,3.6,4.7
974,대곡,2022-02-09 05:00,10.3,6.8,3.6,4.7
974,대곡,2022-02-09 06:00,10.3,6.8,3.6,4.7
974,대곡,2022-02-09 07:00,10.1,6.8,3.6,4.7
974,대곡,2022-02-09 08:00,10.1,6.8,3.6,4.7
974,대곡,2022-02-09 09:00,10.1,6.8,3.6,4.7
974,대곡,2022-02-09 10:00,10.1,6.8,3.6,4.7
974,대곡,2022-02-09 11:00,10.2,6.8,3.6,4.7
974,대곡,2022-02-09 12:00,10.2,6.8,3.6,4.7
974,대곡,2022-02-09 13:00,10.3,6.8,3.6,4.7
974,대곡,2022-02-09 14:00,10.3,6.8,3.6,4.7
974,대곡,2022-02-09 15:00,10.4,6.8,3.6,4.7
974,대곡,2022-02-09 16:00,10.4,6.8,3.6,4.7
974,대곡,2022-02-09 17:00,10.4,6.8,3.6,4.7
974,대곡,2022-02-09 18:00,10.4,6.8,3.6,4.7
974,대곡,2022-02-09 19:00,10.4,6.8,3.6,4.7
974,대곡,2022-02-09 20:00,10.4,6.8,3.6,4.7
974,대곡,2022-02-09 21:00,10.4,6.8,3.6,4.7
974,대곡,2022-02-09 22:00,10.4,6.9,3.6,4.7
974,대곡,2022-02-09 23:00,10.4,6.9,3.6,4.7
974,대곡,2022-02-10 00:00,10.4,6.9,3.6,4.7
974,대곡,2022-02-10 01:00,10.4,6.9,3.6,4.7
974,대곡,2022-02-10 02:00,10.5,6.9,3.6,4.7
974,대곡,2022-02-10 03:00,10.5,6.9,3.6,4.7
974,대곡,2022-02-10 04:00,10.5,6.9,3.6,4.7
974,대곡,2022-02-10 05:00,10.5,6.9,3.6,4.7
974,대곡,2022-02-10 06:00,10.5,6.8,3.6,4.7
974,대곡,2022-02-10 07:00,10.5,6.8,3.6,4.7
974,대곡,2022-02-10 08:00,10.5,6.8,3.6,4.7
974,대곡,2022-02-10 09:00,10.5,6.8,3.6,4.7
974,대곡,2022-02-10 10:00,10.4,6.8,3.6,4.7
974,대곡,2022-02-10 11:00,10.4,6.8,3.6,4.7
974,대곡,2022-02-10 12:00,10.3,6.8,3.6,4.7
974,대곡,2022-02-10 13:00,10.3,6.9,3.6,4.7
974,대곡,2022-02-10 14:00,10.3,6.9,3.6,4.7
974,대곡,2022-02-10 15:00,10.4,6.9,3.6,4.7
974,대곡,2022-02-10 16:00,10.4,6.9,3.6,4.7
974,대곡,2022-02-10 17:00,10.4,6.9,3.6,4.7
974,대곡,2022-02-10 18:00,10.5,6.9,3.6,4.7
974,대곡,2022-02-10 19:00,10.5,6.9,3.6,4.7
974,대곡,2022-02-10 20:00,10.5,6.9,3.6,4.7
974,대곡,2022-02-10 21:00,10.6,6.9,3.6,4.7
974,대곡,2022-02-10 22:00,10.6,6.9,3.6,4.7
974,대곡,2022-02-10 23:00,10.6,6.9,3.6,4.7
974,대곡,2022-02-11 01:00,10.6,6.9,3.6,4.7
974,대곡,2022-02-11 02:00,10.6,6.9,3.6,4.7
974,대곡,2022-02-11 03:00,10.6,6.9,3.6,4.7
974,대곡,2022-02-11 04:00,10.5,6.9,3.6,4.7
974,대곡,2022-02-11 05:00,10.4,6.9,3.6,4.7
974,대곡,2022-02-11 06:00,10.4,6.9,3.6,4.7
974,대곡,2022-02-11 07:00,10.3,6.9,3.6,4.7
974,대곡,2022-02-11 08:00,10.1,6.8,3.6,4.7
974,대곡,2022-02-11 09:00,10.1,6.8,3.6,4.7
974,대곡,2022-02-11 10:00,10.2,6.8,3.6,4.7
974,대곡,2022-02-11 11:00,10.2,6.8,3.6,4.7
974,대곡,2022-02-11 12:00,10.3,6.8,3.6,4.7
974,대곡,2022-02-11 13:00,10.3,6.8,3.6,4.7
974,대곡,2022-02-11 14:00,10.4,6.8,3.6,4.7
974,대곡,2022-02-11 15:00,10.6,6.8,3.6,4.7
974,대곡,2022-02-11 16:00,10.6,6.9,3.6,4.7
974,대곡,2022-02-11 17:00,10.6,6.9,3.6,4.7
974,대곡,2022-02-11 18:00,10.7,6.9,3.6,4.7
974,대곡,2022-02-11 19:00,10.7,6.9,3.6,4.7
974,대곡,2022-02-11 20:00,10.7,6.9,3.6,4.7
974,대곡,2022-02-11 21:00,10.8,6.9,3.6,4.7
974,대곡,2022-02-11 22:00,10.8,6.9,3.6,4.7
974,대곡,2022-02-11 23:00,10.8,6.9,3.6,4.7
974,대곡,2022-02-12 00:00,10.8,6.9,3.6,4.7
974,대곡,2022-02-12 01:00,10.7,6.9,3.6,4.7
974,대곡,2022-02-12 02:00,10.7,6.9,3.6,4.7
974,대곡,2022-02-12 03:00,10.7,6.9,3.6,4.7
974,대곡,2022-02-12 04:00,10.6,6.9,3.6,4.7
974,대곡,2022-02-12 05:00,10.6,6.9,3.6,4.7
974,대곡,2022-02-12 06:00,10.6,6.9,3.6,4.7
974,대곡,2022-02-12 07:00,10.6,6.9,3.6,4.7
974,대곡,2022-02-12 08:00,10.5,6.9,3.6,4.7
974,대곡,2022-02-12 09:00,10.5,6.8,3.6,4.7
974,대곡,2022-02-12 10:00,10.5,6.8,3.6,4.7
974,대곡,2022-02-12 11:00,10.5,6.8,3.6,4.7
974,대곡,2022-02-12 12:00,10.6,6.8,3.6,4.7
974,대곡,2022-02-12 13:00,10.6,6.8,3.6,4.7
974,대곡,2022-02-12 14:00,10.7,6.9,3.6,4.7
974,대곡,2022-02-12 15:00,10.7,6.9,3.6,4.7
974,대곡,2022-02-12 16:00,10.8,6.9,3.6,4.7
974,대곡,2022-02-12 17:00,10.8,6.9,3.6,4.7
974,대곡,2022-02-12 18:00,10.8,6.9,3.6,4.7
974,대곡,2022-02-12 19:00,10.8,6.9,3.6,4.7
974,대곡,2022-02-12 20:00,10.8,6.9,3.6,4.7
974,대곡,2022-02-12 21:00,10.8,6.9,3.6,4.7
974,대곡,2022-02-12 22:00,10.8,6.9,3.6,4.7
974,대곡,2022-02-12 23:00,10.8,6.9,3.6,4.7
974,대곡,2022-02-13 00:00,10.8,6.9,3.6,4.7
974,대곡,2022-02-13 01:00,10.8,6.9,3.6,4.7
974,대곡,2022-02-13 02:00,10.8,6.9,3.6,4.7
974,대곡,2022-02-13 03:00,10.8,6.9,3.6,4.7
974,대곡,2022-02-13 04:00,10.8,6.9,3.6,4.7
974,대곡,2022-02-13 05:00,10.8,6.9,3.6,4.7
974,대곡,2022-02-13 06:00,10.8,6.9,3.6,4.7
974,대곡,2022-02-13 07:00,10.8,6.9,3.6,4.7
974,대곡,2022-02-13 08:00,10.8,6.9,3.6,4.7
974,대곡,2022-02-13 09:00,10.8,6.9,3.6,4.7
974,대곡,2022-02-13 10:00,10.8,6.9,3.6,4.7
974,대곡,2022-02-13 11:00,10.8,6.9,3.6,4.7
974,대곡,2022-02-13 12:00,10.8,6.9,3.6,4.7
974,대곡,2022-02-13 13:00,10.8,6.9,3.6,4.7
974,대곡,2022-02-13 14:00,10.8,6.9,3.6,4.7
974,대곡,2022-02-13 15:00,10.8,6.9,3.6,4.7
974,대곡,2022-02-13 16:00,10.8,6.9,3.6,4.7
974,대곡,2022-02-13 17:00,10.8,6.9,3.6,4.7
974,대곡,2022-02-13 18:00,10.8,6.9,3.6,4.7
974,대곡,2022-02-13 19:00,10.8,6.9,3.6,4.7
974,대곡,2022-02-13 20:00,10.9,6.9,3.6,4.7
974,대곡,2022-02-13 21:00,10.9,6.9,3.6,4.7
974,대곡,2022-02-13 22:00,10.9,6.9,3.6,4.7
974,대곡,2022-02-13 23:00,10.9,6.9,3.6,4.7
974,대곡,2022-02-14 00:00,10.9,6.9,3.6,4.7
974,대곡,2022-02-14 01:00,10.9,6.9,3.6,4.7
974,대곡,2022-02-14 02:00,10.9,6.9,3.6,4.7
974,대곡,2022-02-14 03:00,10.9,6.9,3.6,4.7
974,대곡,2022-02-14 04:00,10.9,6.9,3.6,4.7
974,대곡,2022-02-14 05:00,10.9,6.9,3.6,4.7
974,대곡,2022-02-14 06:00,10.9,6.9,3.6,4.7
974,대곡,2022-02-14 07:00,10.9,6.9,3.6,4.7
974,대곡,2022-02-14 08:00,10.9,6.9,3.6,4.7
974,대곡,2022-02-14 09:00,10.9,6.9,3.6,4.7
974,대곡,2022-02-14 10:00,10.9,6.9,3.6,4.7
974,대곡,2022-02-14 11:00,11.0,6.9,3.6,4.7
974,대곡,2022-02-14 12:00,11.0,6.9,3.6,4.7
974,대곡,2022-02-14 13:00,10.9,6.9,3.6,4.7
974,대곡,2022-02-14 14:00,0.1,1.5,1.5,0.6
974,대곡,2022-02-14 15:00,0.7,0.6,0.3,1.0
974,대곡,2022-03-03 13:00,5.8,10.7,9.8,12.4
974,대곡,2022-03-03 14:00,5.9,10.7,9.8,12.4
974,대곡,2022-03-03 15:00,5.9,10.7,9.8,12.4
974,대곡,2022-03-03 16:00,5.9,10.7,9.8,12.4
974,대곡,2022-03-03 17:00,5.9,10.7,9.8,12.4
974,대곡,2022-03-03 18:00,5.8,10.7,9.8,12.4
974,대곡,2022-03-03 19:00,5.8,10.6,9.8,12.4
974,대곡,2022-03-03 20:00,5.8,10.6,9.8,12.4
974,대곡,2022-03-03 21:00,5.8,10.6,9.8,12.4
974,대곡,2022-03-03 22:00,5.8,10.6,9.8,12.4
974,대곡,2022-03-03 23:00,5.7,10.6,9.8,12.4
974,대곡,2022-03-04 00:00,5.7,10.6,9.8,12.4
974,대곡,2022-03-04 01:00,5.7,10.6,9.8,12.4
974,대곡,2022-03-04 02:00,5.7,10.5,9.8,12.4
974,대곡,2022-03-04 03:00,5.6,10.5,9.8,12.4
974,대곡,2022-03-04 04:00,5.6,10.5,9.8,12.4
974,대곡,2022-03-04 05:00,5.6,10.5,9.8,12.4
974,대곡,2022-03-04 06:00,5.6,10.5,9.8,12.4
974,대곡,2022-03-04 07:00,5.6,10.4,9.8,12.4
974,대곡,2022-03-04 08:00,5.6,10.4,9.8,12.4
974,대곡,2022-03-04 09:00,5.7,10.4,9.8,12.4
974,대곡,2022-03-04 10:00,5.7,10.4,9.8,12.4
974,대곡,2022-03-04 11:00,5.8,10.4,9.8,12.4
974,대곡,2022-03-04 12:00,5.9,10.4,9.8,12.4
974,대곡,2022-03-04 13:00,6.0,10.5,9.8,12.4
974,대곡,2022-03-04 14:00,6.1,10.5,9.8,12.4
974,대곡,2022-03-04 15:00,6.1,10.5,9.8,12.4
974,대곡,2022-03-04 16:00,6.1,10.5,9.8,12.4
974,대곡,2022-03-04 17:00,6.1,10.6,9.8,12.4
974,대곡,2022-03-04 18:00,6.1,10.6,9.8,12.4
974,대곡,2022-03-04 19:00,6.1,10.6,9.8,12.4
974,대곡,2022-03-04 20:00,6.1,10.6,9.8,12.4
974,대곡,2022-03-04 21:00,6.1,10.6,9.8,12.5
974,대곡,2022-03-04 22:00,6.1,10.6,9.8,12.5
974,대곡,2022-03-04 23:00,6.1,10.6,9.8,12.5
974,대곡,2022-03-05 00:00,6.1,10.5,9.8,12.5
974,대곡,2022-03-05 01:00,6.1,10.5,9.8,12.5
974,대곡,2022-03-05 02:00,6.1,10.5,9.8,12.5
974,대곡,2022-03-05 03:00,6.1,10.5,9.9,12.5
974,대곡,2022-03-05 04:00,6.1,10.5,9.9,12.5
974,대곡,2022-03-05 05:00,6.1,10.5,9.9,12.5
974,대곡,2022-03-05 06:00,6.1,10.5,9.8,12.5
974,대곡,2022-03-05 07:00,6.1,10.5,9.8,12.5
974,대곡,2022-03-05 08:00,6.1,10.5,9.8,12.5
974,대곡,2022-03-05 09:00,6.1,10.5,9.8,12.5
974,대곡,2022-03-05 10:00,6.1,10.5,9.8,12.5
974,대곡,2022-03-05 11:00,6.2,10.5,9.8,12.5
974,대곡,2022-03-05 12:00,6.3,10.5,9.8,12.5
974,대곡,2022-03-05 13:00,6.3,10.5,9.8,12.5
974,대곡,2022-03-05 14:00,6.4,10.6,9.8,12.5
974,대곡,2022-03-05 15:00,6.4,10.6,9.8,12.5
974,대곡,2022-03-05 16:00,6.4,10.6,9.8,12.5
974,대곡,2022-03-05 17:00,6.4,10.6,9.9,12.5
974,대곡,2022-03-05 18:00,6.4,10.6,9.9,12.5
974,대곡,2022-03-05 19:00,6.4,10.6,9.9,12.5
974,대곡,2022-03-05 20:00,6.3,10.6,9.9,12.5
974,대곡,2022-03-05 21:00,6.3,10.6,9.9,12.5
974,대곡,2022-03-05 22:00,6.3,10.6,9.9,12.5
974,대곡,2022-03-05 23:00,6.3,10.5,9.9,12.5
974,대곡,2022-03-06 01:00,6.3,10.5,9.9,12.5
974,대곡,2022-03-06 02:00,6.2,10.5,9.9,12.5
974,대곡,2022-03-06 03:00,6.2,10.5,9.9,12.5
974,대곡,2022-03-06 04:00,6.2,10.5,9.9,12.5
974,대곡,2022-03-06 05:00,6.2,10.4,9.8,12.5
974,대곡,2022-03-06 06:00,6.1,10.4,9.8,12.5
974,대곡,2022-03-06 07:00,6.1,10.4,9.8,12.5
974,대곡,2022-03-06 08:00,6.1,10.4,9.8,12.5
974,대곡,2022-03-06 09:00,6.2,10.4,9.8,12.5
974,대곡,2022-03-06 10:00,6.3,10.4,9.8,12.5
974,대곡,2022-03-06 11:00,6.3,10.4,9.8,12.5
974,대곡,2022-03-06 12:00,6.4,10.5,9.8,12.5
974,대곡,2022-03-06 13:00,6.5,10.5,9.8,12.5
974,대곡,2022-03-06 14:00,6.6,10.5,9.8,12.5
974,대곡,2022-03-06 15:00,6.6,10.6,9.8,12.5
974,대곡,2022-03-06 16:00,6.7,10.6,9.8,12.5
974,대곡,2022-03-06 17:00,6.7,10.6,9.8,12.5
974,대곡,2022-03-06 18:00,6.6,10.6,9.8,12.5
974,대곡,2022-03-06 19:00,6.6,10.6,9.9,12.5
974,대곡,2022-03-06 20:00,6.6,10.6,9.9,12.5
974,대곡,2022-03-06 21:00,6.6,10.6,9.9,12.5
974,대곡,2022-03-06 22:00,6.5,10.6,9.9,12.5
974,대곡,2022-03-06 23:00,6.5,10.6,9.9,12.5
974,대곡,2022-03-07 00:00,6.5,10.6,9.9,12.5
974,대곡,2022-03-07 01:00,6.5,10.5,9.9,12.5
974,대곡,2022-03-07 02:00,6.5,10.5,9.8,12.5
974,대곡,2022-03-07 03:00,6.4,10.5,9.8,12.5
974,대곡,2022-03-07 04:00,6.4,10.5,9.8,12.5
974,대곡,2022-03-07 05:00,6.4,10.5,9.8,12.5
974,대곡,2022-03-07 06:00,6.4,10.5,9.8,12.5
974,대곡,2022-03-07 07:00,6.4,10.5,9.8,12.5
974,대곡,2022-03-07 08:00,6.4,10.5,9.8,12.5
974,대곡,2022-03-07 09:00,6.5,10.5,9.8,12.5
974,대곡,2022-03-07 10:00,6.5,10.5,9.8,12.5
974,대곡,2022-03-07 11:00,6.6,10.5,9.8,12.5
974,대곡,2022-03-07 12:00,6.6,10.5,9.8,12.5
974,대곡,2022-03-07 13:00,6.8,10.5,9.8,12.5
974,대곡,2022-03-07 14:00,6.8,10.6,9.8,12.5
974,대곡,2022-03-07 15:00,6.9,10.6,9.8,12.5
974,대곡,2022-03-07 16:00,6.9,10.6,9.8,12.5
974,대곡,2022-03-07 17:00,6.9,10.6,9.8,12.5
974,대곡,2022-03-07 18:00,6.9,10.6,9.8,12.5
974,대곡,2022-03-07 19:00,6.9,10.6,9.9,12.5
974,대곡,2022-03-07 20:00,6.8,10.6,9.9,12.5
974,대곡,2022-03-07 21:00,6.8,10.6,9.9,12.5
974,대곡,2022-03-07 22:00,6.8,10.6,9.9,12.5
974,대곡,2022-03-07 23:00,6.8,10.6,9.9,12.5
974,대곡,2022-03-08 00:00,6.7,10.6,9.9,12.5
974,대곡,2022-03-08 01:00,6.7,10.6,9.9,12.5
974,대곡,2022-03-08 02:00,6.7,10.5,9.9,12.5
974,대곡,2022-03-08 03:00,6.6,10.5,9.9,12.5
974,대곡,2022-03-08 04:00,6.6,10.5,9.8,12.5
974,대곡,2022-03-08 05:00,6.6,10.5,9.8,12.5
974,대곡,2022-03-08 06:00,6.6,10.5,9.8,12.5
974,대곡,2022-03-08 07:00,6.6,10.5,9.8,12.5
974,대곡,2022-03-08 08:00,6.6,10.4,9.8,12.5
974,대곡,2022-03-08 09:00,6.6,10.5,9.8,12.5
974,대곡,2022-03-08 10:00,6.7,10.5,9.8,12.5
974,대곡,2022-03-08 11:00,6.8,10.5,9.8,12.5
974,대곡,2022-03-08 12:00,6.9,10.5,9.8,12.5
974,대곡,2022-03-08 13:00,7.0,10.6,9.8,12.5
974,대곡,2022-03-08 14:00,7.1,10.6,9.8,12.5
974,대곡,2022-03-08 15:00,7.2,10.6,9.8,12.5
974,대곡,2022-03-08 16:00,7.2,10.6,9.8,12.5
974,대곡,2022-03-08 17:00,7.2,10.6,9.8,12.5
974,대곡,2022-03-08 18:00,7.2,10.6,9.9,12.5
974,대곡,2022-03-08 19:00,7.1,10.6,9.9,12.5
974,대곡,2022-03-08 20:00,7.1,10.6,9.9,12.5
974,대곡,2022-03-08 21:00,7.1,10.6,9.9,12.5
974,대곡,2022-03-08 22:00,7.0,10.6,9.9,12.5
974,대곡,2022-03-08 23:00,7.0,10.6,9.9,12.5
974,대곡,2022-03-09 00:00,7.0,10.6,9.9,12.6
974,대곡,2022-03-09 01:00,6.9,10.6,9.9,12.6
974,대곡,2022-03-09 02:00,6.9,10.6,9.9,12.5
974,대곡,2022-03-09 03:00,6.9,10.5,9.9,12.6
974,대곡,2022-03-09 04:00,6.9,10.5,9.9,12.5
974,대곡,2022-03-09 05:00,6.9,10.5,9.9,12.5
974,대곡,2022-03-09 06:00,6.9,10.5,9.9,12.5
974,대곡,2022-03-09 07:00,6.8,10.5,9.9,12.5
974,대곡,2022-03-09 08:00,6.8,10.5,9.8,12.5
974,대곡,2022-03-09 09:00,6.9,10.5,9.8,12.5
974,대곡,2022-03-09 10:00,7.0,10.5,9.8,12.5
974,대곡,2022-03-09 11:00,7.1,10.5,9.8,12.5
974,대곡,2022-03-09 12:00,7.1,10.5,9.8,12.5
974,대곡,2022-03-09 13:00,7.3,10.6,9.8,12.5
974,대곡,2022-03-09 14:00,7.4,10.6,9.8,12.5
974,대곡,2022-03-09 15:00,7.4,10.6,9.8,12.5
974,대곡,2022-03-09 16:00,7.5,10.6,9.8,12.5
974,대곡,2022-03-09 17:00,7.5,10.7,9.9,12.5
974,대곡,2022-03-09 18:00,7.4,10.7,9.9,12.5
974,대곡,2022-03-09 19:00,7.4,10.6,9.9,12.5
974,대곡,2022-03-09 20:00,7.3,10.6,9.9,12.5
974,대곡,2022-03-09 21:00,7.3,10.6,9.9,12.5
974,대곡,2022-03-09 22:00,7.3,10.6,9.9,12.6
974,대곡,2022-03-09 23:00,7.3,10.6,9.9,12.6
974,대곡,2022-03-10 00:00,7.2,10.6,9.9,12.6
974,대곡,2022-03-10 01:00,7.2,10.6,9.9,12.6
974,대곡,2022-03-10 02:00,7.1,10.6,9.9,12.6
974,대곡,2022-03-10 03:00,7.1,10.6,9.9,12.6
974,대곡,2022-03-10 04:00,7.1,10.6,9.9,12.6
974,대곡,2022-03-10 05:00,7.1,10.5,9.9,12.6
974,대곡,2022-03-10 06:00,7.1,10.5,9.9,12.6
974,대곡,2022-03-10 07:00,7.1,10.5,9.9,12.6
974,대곡,2022-03-10 08:00,7.1,10.5,9.9,12.6
974,대곡,2022-03-10 09:00,7.1,10.5,9.9,12.6
974,대곡,2022-03-10 10:00,7.2,10.5,9.8,12.5
974,대곡,2022-03-10 11:00,7.3,10.5,9.8,12.5
974,대곡,2022-03-10 12:00,7.4,10.6,9.8,12.5
974,대곡,2022-03-10 13:00,7.5,10.6,9.8,12.5
974,대곡,2022-03-10 14:00,7.5,10.6,9.8,12.5
974,대곡,2022-03-10 15:00,7.6,10.6,9.8,12.5
974,대곡,2022-03-10 16:00,7.6,10.6,9.9,12.5
974,대곡,2022-03-10 17:00,7.6,10.6,9.9,12.5
974,대곡,2022-03-10 18:00,7.6,10.6,9.9,12.5
974,대곡,2022-03-10 19:00,7.6,10.6,9.9,12.5
974,대곡,2022-03-10 20:00,7.5,10.6,9.9,12.5
974,대곡,2022-03-10 21:00,7.5,10.6,9.9,12.5
974,대곡,2022-03-10 22:00,7.5,10.6,9.9,12.6
974,대곡,2022-03-10 23:00,7.5,10.6,9.9,12.6
974,대곡,2022-03-11 01:00,7.4,10.6,9.9,12.6
974,대곡,2022-03-11 02:00,7.4,10.6,9.9,12.6
974,대곡,2022-03-11 03:00,7.4,10.6,9.9,12.6
974,대곡,2022-03-11 04:00,7.4,10.6,9.9,12.6
974,대곡,2022-03-11 05:00,7.3,10.6,9.9,12.6
974,대곡,2022-03-11 06:00,7.3,10.6,9.9,12.6
974,대곡,2022-03-11 07:00,7.3,10.6,9.9,12.6
974,대곡,2022-03-11 08:00,7.3,10.5,9.9,12.6
974,대곡,2022-03-11 09:00,7.3,10.5,9.9,12.6
974,대곡,2022-03-11 10:00,7.4,10.5,9.9,12.5
974,대곡,2022-03-11 11:00,7.4,10.6,9.9,12.5
974,대곡,2022-03-11 12:00,7.5,10.6,9.9,12.5
974,대곡,2022-03-11 13:00,7.6,10.6,9.9,12.5
974,대곡,2022-03-11 14:00,7.7,10.6,9.9,12.5
974,대곡,2022-03-11 15:00,7.8,10.6,9.9,12.5
974,대곡,2022-03-11 16:00,7.8,10.6,9.9,12.5
974,대곡,2022-03-11 17:00,7.8,10.6,9.9,12.5
974,대곡,2022-03-11 18:00,7.8,10.7,9.9,12.5
974,대곡,2022-03-11 19:00,7.8,10.7,9.9,12.5
974,대곡,2022-03-11 20:00,7.7,10.6,9.9,12.5
974,대곡,2022-03-11 21:00,7.7,10.6,9.9,12.5
974,대곡,2022-03-11 22:00,7.6,10.6,9.9,12.6
974,대곡,2022-03-11 23:00,7.6,10.6,9.9,12.6
974,대곡,2022-03-12 00:00,7.6,10.6,9.9,12.6
974,대곡,2022-03-12 01:00,7.6,10.6,9.9,12.6
974,대곡,2022-03-12 02:00,7.6,10.6,9.9,12.6
974,대곡,2022-03-12 03:00,7.6,10.6,9.9,12.6
974,대곡,2022-03-12 04:00,7.5,10.6,9.9,12.6
974,대곡,2022-03-12 05:00,7.5,10.6,9.9,12.6
974,대곡,2022-03-12 06:00,7.5,10.6,9.9,12.6
974,대곡,2022-03-12 07:00,7.5,10.6,9.9,12.6
974,대곡,2022-03-12 08:00,7.6,10.6,9.9,12.6
974,대곡,2022-03-12 09:00,7.6,10.6,9.9,12.6
974,대곡,2022-03-12 10:00,7.6,10.6,9.9,12.5
974,대곡,2022-03-12 11:00,7.8,10.6,9.9,12.5
974,대곡,2022-03-12 12:00,7.8,10.6,9.9,12.5
974,대곡,2022-03-12 13:00,7.9,10.6,9.9,12.5
974,대곡,2022-03-12 14:00,8.0,10.7,9.9,12.5
974,대곡,2022-03-12 15:00,8.1,10.7,9.9,12.5
974,대곡,2022-03-12 16:00,8.1,10.8,9.9,12.5
974,대곡,2022-03-12 17:00,8.1,10.8,9.9,12.5
974,대곡,2022-03-12 18:00,8.0,10.8,9.9,12.6
974,대곡,2022-03-12 19:00,8.0,10.8,9.9,12.6
974,대곡,2022-03-12 20:00,8.0,10.8,9.9,12.6
974,대곡,2022-03-12 21:00,7.9,10.8,10.0,12.6
974,대곡,2022-03-12 22:00,7.9,10.7,10.0,12.6
974,대곡,2022-03-12 23:00,7.9,10.7,10.0,12.6
974,대곡,2022-03-13 00:00,7.8,10.7,10.0,12.6
974,대곡,2022-03-13 01:00,7.8,10.7,10.0,12.6
974,대곡,2022-03-13 02:00,7.8,10.7,10.0,12.6
974,대곡,2022-03-13 03:00,7.8,10.7,9.9,12.6
974,대곡,2022-03-13 04:00,7.8,10.7,9.9,12.6
974,대곡,2022-03-13 05:00,7.8,10.7,9.9,12.6
974,대곡,2022-03-13 06:00,7.8,10.7,9.9,12.6
974,대곡,2022-03-13 07:00,7.8,10.7,9.9,12.6
974,대곡,2022-03-13 08:00,7.8,10.7,9.9,12.6
974,대곡,2022-03-13 09:00,7.8,10.7,9.9,12.6
974,대곡,2022-03-13 10:00,7.9,10.7,9.9,12.6
974,대곡,2022-03-13 11:00,8.0,10.7,9.9,12.6
974,대곡,2022-03-13 12:00,8.3,10.7,9.9,12.6
974,대곡,2022-03-13 13:00,8.8,10.8,9.9,12.6
974,대곡,2022-03-13 14:00,9.6,10.8,9.9,12.6
974,대곡,2022-03-13 15:00,10.2,10.8,9.9,12.6
974,대곡,2022-03-13 16:00,10.8,10.8,9.9,12.6
974,대곡,2022-03-13 17:00,11.1,10.8,10.0,12.6
974,대곡,2022-03-13 18:00,11.4,10.8,10.0,12.6
974,대곡,2022-03-13 19:00,11.6,10.8,10.0,12.6
974,대곡,2022-03-13 20:00,11.8,10.8,10.0,12.6
974,대곡,2022-03-13 21:00,11.9,10.8,10.0,12.6
974,대곡,2022-03-13 22:00,11.9,10.8,10.0,12.6
974,대곡,2022-03-13 23:00,12.0,10.8,10.0,12.6
974,대곡,2022-03-14 00:00,12.1,10.8,10.0,12.6
974,대곡,2022-03-14 01:00,12.1,10.9,10.0,12.6
974,대곡,2022-03-14 02:00,12.1,10.9,10.0,12.6
974,대곡,2022-03-14 03:00,12.2,10.9,10.0,12.6
974,대곡,2022-03-14 04:00,12.3,10.9,10.0,12.6
974,대곡,2022-03-14 05:00,12.3,10.9,10.0,12.6
974,대곡,2022-03-14 06:00,12.3,10.9,10.0,12.6
974,대곡,2022-03-14 07:00,12.3,10.9,10.0,12.6
974,대곡,2022-03-14 08:00,12.4,10.9,10.0,12.6
974,대곡,2022-03-14 09:00,12.4,10.9,10.0,12.6
974,대곡,2022-03-14 10:00,12.4,10.9,10.0,12.6
974,대곡,2022-03-14 11:00,12.4,11.0,10.0,12.6
974,대곡,2022-03-14 12:00,12.4,11.0,10.0,12.6
974,대곡,2022-03-14 13:00,12.4,11.0,10.0,12.6
974,대곡,2022-03-14 14:00,12.4,11.0,10.0,12.6
974,대곡,2022-03-14 15:00,12.4,11.1,10.0,12.6
974,대곡,2022-03-14 16:00,12.4,11.1,10.0,12.6
974,대곡,2022-03-14 17:00,12.4,11.1,10.0,12.6
974,대곡,2022-03-14 18:00,12.4,11.1,10.0,12.6
974,대곡,2022-03-14 19:00,12.4,11.1,10.0,12.6
974,대곡,2022-03-14 20:00,12.4,11.1,10.0,12.6
974,대곡,2022-03-14 21:00,12.4,11.1,10.0,12.6
974,대곡,2022-03-14 22:00,12.3,11.1,10.0,12.6
974,대곡,2022-03-14 23:00,12.3,11.1,10.0,12.6
974,대곡,2022-03-15 00:00,12.2,11.2,10.0,12.6
974,대곡,2022-03-15 01:00,12.2,11.2,10.0,12.6
974,대곡,2022-03-15 02:00,12.1,11.1,10.0,12.6
974,대곡,2022-03-15 03:00,12.1,11.1,10.0,12.6
974,대곡,2022-03-15 04:00,12.1,11.1,10.0,12.6
974,대곡,2022-03-15 05:00,12.0,11.1,10.0,12.6
974,대곡,2022-03-15 06:00,12.0,11.1,10.0,12.6
974,대곡,2022-03-15 07:00,11.9,11.1,9.9,12.6
974,대곡,2022-03-15 08:00,11.9,11.1,9.9,12.6
974,대곡,2022-03-15 09:00,12.0,11.2,9.9,12.6
974,대곡,2022-03-15 10:00,12.1,11.2,9.9,12.6
974,대곡,2022-03-15 11:00,12.3,11.2,9.9,12.6
974,대곡,2022-03-15 12:00,12.3,11.3,9.9,12.5
974,대곡,2022-03-15 13:00,12.4,11.3,9.9,12.5
974,대곡,2022-03-15 14:00,12.4,11.3,9.9,12.5
974,대곡,2022-03-15 15:00,12.4,11.4,9.9,12.5
974,대곡,2022-03-15 16:00,12.3,11.4,9.9,12.5
974,대곡,2022-03-15 17:00,12.2,11.4,10.0,12.5
974,대곡,2022-03-15 18:00,12.1,11.4,10.0,12.5
974,대곡,2022-03-15 19:00,11.9,11.4,10.0,12.5
974,대곡,2022-03-15 20:00,11.8,11.4,10.0,12.5
974,대곡,2022-03-15 21:00,11.7,11.4,10.0,12.5
974,대곡,2022-03-15 22:00,11.6,11.4,10.0,12.6
974,대곡,2022-03-15 23:00,11.5,11.4,10.0,12.6
974,대곡,2022-03-16 00:00,11.4,11.4,10.0,12.6
974,대곡,2022-03-16 01:00,11.4,11.4,10.0,12.6
974,대곡,2022-03-16 02:00,11.3,11.4,10.0,12.6
974,대곡,2022-03-16 03:00,11.3,11.4,10.0,12.6
974,대곡,2022-03-16 04:00,11.3,11.3,10.0,12.6
974,대곡,2022-03-16 05:00,11.2,11.3,10.0,12.6
974,대곡,2022-03-16 06:00,11.1,11.3,10.0,12.6
974,대곡,2022-03-16 07:00,11.1,11.3,10.0,12.6
974,대곡,2022-03-16 08:00,11.1,11.3,10.0,12.5
974,대곡,2022-03-16 09:00,11.1,11.3,9.9,12.5
974,대곡,2022-03-16 10:00,11.2,11.3,9.9,12.5
974,대곡,2022-03-16 11:00,11.3,11.3,9.9,12.5
974,대곡,2022-03-16 12:00,11.4,11.4,9.9,12.5
974,대곡,2022-03-16 13:00,11.6,11.4,9.9,12.5
974,대곡,2022-03-16 14:00,11.7,11.4,9.9,12.5
974,대곡,2022-03-16 15:00,11.8,11.4,9.9,12.5
974,대곡,2022-03-16 16:00,11.8,11.5,10.0,12.5
974,대곡,2022-03-16 17:00,11.7,11.5,10.0,12.5
974,대곡,2022-03-16 18:00,11.6,11.6,10.0,12.5
974,대곡,2022-03-16 19:00,11.4,11.6,10.1,12.5
974,대곡,2022-03-16 20:00,11.4,11.6,10.1,12.5
974,대곡,2022-03-16 21:00,11.3,11.5,10.1,12.5
974,대곡,2022-03-16 22:00,11.2,11.5,10.1,12.5
974,대곡,2022-03-16 23:00,11.1,11.5,10.1,12.5
974,대곡,2022-03-17 01:00,11.0,11.4,10.1,12.6
974,대곡,2022-03-17 02:00,11.0,11.4,10.1,12.6
974,대곡,2022-03-17 03:00,10.9,11.4,10.1,12.6
974,대곡,2022-03-17 04:00,10.9,11.4,10.1,12.6
974,대곡,2022-03-17 05:00,10.9,11.4,10.1,12.6
974,대곡,2022-03-17 06:00,10.9,11.4,10.1,12.6
974,대곡,2022-03-17 07:00,10.9,11.4,10.1,12.5
974,대곡,2022-03-17 08:00,10.9,11.4,10.1,12.5
974,대곡,2022-03-17 09:00,10.9,11.4,10.1,12.5
974,대곡,2022-03-17 10:00,10.9,11.4,10.1,12.5
974,대곡,2022-03-17 11:00,10.9,11.4,10.1,12.5
974,대곡,2022-03-17 12:00,10.9,11.4,10.1,12.5
974,대곡,2022-03-17 13:00,10.9,11.4,10.1,12.5
974,대곡,2022-03-17 14:00,10.9,11.4,10.1,12.5
974,대곡,2022-03-17 15:00,10.9,11.4,10.1,12.5
974,대곡,2022-03-17 16:00,10.9,11.4,10.1,12.5
974,대곡,2022-03-17 17:00,10.9,11.4,10.1,12.5
974,대곡,2022-03-17 18:00,10.8,11.4,10.1,12.5
974,대곡,2022-03-17 19:00,10.8,11.4,10.1,12.5
974,대곡,2022-03-17 20:00,10.8,11.4,10.1,12.5
974,대곡,2022-03-17 21:00,10.8,11.4,10.1,12.5
974,대곡,2022-03-17 22:00,10.8,11.4,10.1,12.5
974,대곡,2022-03-17 23:00,10.9,11.4,10.1,12.5
974,대곡,2022-03-18 01:00,13.2,11.4,10.1,12.5
974,대곡,2022-03-18 02:00,15.7,11.4,10.1,12.5
974,대곡,2022-03-18 03:00,17.7,12.3,10.1,12.5
974,대곡,2022-03-18 04:00,18.6,14.1,10.1,12.5
974,대곡,2022-03-18 05:00,19.3,15.8,10.1,12.5
974,대곡,2022-03-18 06:00,19.5,17.3,10.1,12.5
974,대곡,2022-03-18 07:00,19.6,18.3,10.1,12.5
974,대곡,2022-03-18 08:00,19.8,19.1,10.3,12.5
974,대곡,2022-03-18 09:00,19.5,19.4,10.4,12.5
974,대곡,2022-03-18 10:00,19.3,19.5,10.6,12.5
974,대곡,2022-03-18 11:00,19.0,19.4,10.7,12.5
974,대곡,2022-03-18 12:00,18.8,19.4,10.8,12.5
974,대곡,2022-03-18 13:00,18.5,19.3,10.9,12.5
974,대곡,2022-03-18 14:00,18.3,19.1,11.0,12.5
974,대곡,2022-03-18 15:00,18.1,19.0,11.1,12.5
974,대곡,2022-03-18 16:00,17.9,18.9,11.1,12.5
974,대곡,2022-03-18 17:00,17.8,18.8,11.2,12.5
974,대곡,2022-03-18 18:00,17.6,18.6,11.3,12.5
974,대곡,2022-03-18 19:00,17.5,18.6,11.3,12.5
974,대곡,2022-03-18 20:00,17.4,18.5,11.3,12.5
974,대곡,2022-03-18 21:00,17.4,18.4,11.3,12.5
974,대곡,2022-03-18 22:00,17.3,18.4,11.4,12.5
974,대곡,2022-03-18 23:00,17.3,18.3,11.4,12.5
974,대곡,2022-03-19 01:00,17.1,18.1,11.4,12.5
974,대곡,2022-03-19 02:00,17.0,18.0,11.4,12.5
974,대곡,2022-03-19 03:00,17.0,18.0,11.4,12.5
974,대곡,2022-03-19 04:00,17.3,18.0,11.4,12.5
974,대곡,2022-03-19 05:00,17.7,18.1,11.4,12.5
974,대곡,2022-03-19 06:00,17.9,18.4,11.5,12.5
974,대곡,2022-03-19 07:00,18.0,18.5,11.5,12.5
974,대곡,2022-03-19 08:00,18.4,18.8,11.6,12.5
974,대곡,2022-03-19 09:00,18.6,19.1,11.6,12.5
974,대곡,2022-03-19 10:00,18.6,19.3,11.7,12.5
974,대곡,2022-03-19 11:00,18.6,19.3,11.8,12.5
974,대곡,2022-03-19 12:00,18.5,19.3,11.8,12.5
974,대곡,2022-03-19 13:00,18.5,19.3,11.9,12.5
974,대곡,2022-03-19 14:00,18.6,19.4,12.0,12.5
974,대곡,2022-03-19 15:00,18.4,19.4,12.1,12.5
974,대곡,2022-03-19 16:00,18.1,19.3,12.1,12.5
974,대곡,2022-03-19 17:00,18.0,19.1,12.2,12.6
974,대곡,2022-03-19 18:00,17.8,19.0,12.3,12.6
974,대곡,2022-03-19 19:00,17.6,18.9,12.3,12.6
974,대곡,2022-03-19 20:00,17.5,18.8,12.3,12.6
974,대곡,2022-03-19 21:00,17.5,18.6,12.3,12.6
974,대곡,2022-03-19 22:00,17.4,18.6,12.4,12.6
974,대곡,2022-03-19 23:00,17.4,18.5,12.4,12.6
974,대곡,2022-03-20 00:00,17.3,18.5,12.4,12.6
974,대곡,2022-03-20 01:00,17.3,18.4,12.4,12.6
974,대곡,2022-03-20 02:00,17.3,18.4,12.4,12.6
974,대곡,2022-03-20 03:00,17.1,18.3,12.4,12.6
974,대곡,2022-03-20 04:00,17.0,18.3,12.4,12.6
974,대곡,2022-03-20 05:00,17.0,18.1,12.4,12.6
974,대곡,2022-03-20 06:00,17.0,18.1,12.3,12.6
974,대곡,2022-03-20 07:00,17.0,18.0,12.3,12.7
974,대곡,2022-03-20 08:00,16.9,18.0,12.3,12.7
974,대곡,2022-03-20 09:00,17.0,18.0,12.3,12.7
974,대곡,2022-03-20 10:00,17.1,18.0,12.4,12.7
974,대곡,2022-03-20 11:00,17.1,18.0,12.4,12.7
974,대곡,2022-03-20 12:00,17.1,18.0,12.4,12.7
974,대곡,2022-03-20 13:00,17.0,18.0,12.4,12.8
974,대곡,2022-03-20 14:00,17.0,18.0,12.4,12.8
974,대곡,2022-03-20 15:00,16.9,18.0,12.4,12.8
974,대곡,2022-03-20 16:00,16.8,17.9,12.4,12.8
974,대곡,2022-03-20 17:00,16.6,17.9,12.4,12.8
974,대곡,2022-03-20 18:00,16.5,17.9,12.4,12.8
974,대곡,2022-03-20 19:00,16.4,17.8,12.4,12.8
974,대곡,2022-03-20 20:00,16.3,17.6,12.4,12.8
974,대곡,2022-03-20 21:00,16.3,17.6,12.4,12.8
974,대곡,2022-03-20 22:00,16.1,17.5,12.4,12.8
974,대곡,2022-03-20 23:00,16.1,17.5,12.4,12.8
